row_id,master_row_number,source_sheet,source_sheet_row,condition_raw,condition_full,finding_raw,finding_curated,lr_raw,lr_reported,lr_gpt-4o-2024-11-20,lr_o3-2025-04-16,lr_gpt-5,feature_type_raw,is_sign_or_symptom,is_history,is_test_result,is_imaging,is_diagnostic_adjudication,source_lr_label,reported_stratum,reported_qualitative_band,source_url,source_retrieved_date,curation_status,curation_note_id
lr_0001,2, of Endotracheal Tube Placement,3, of Endotracheal Tube Placement,Confirmation of Endotracheal Tube Placement,Patient has: Ultrasound confirmation of ETT Placement,Patient has: Ultrasound confirmation of ETT Placement,34.4,34.4,20.0,30.0,35.0,Imaging finding,False,False,False,True,False,LR+,LR > 1,Strong Positive,,,accepted_workbook_value,
lr_0002,3, of Endotracheal Tube Placement,4, of Endotracheal Tube Placement,Confirmation of Endotracheal Tube Placement,Patient does not have: Ultrasound confirmation of ETT Placement,Patient does not have: Ultrasound confirmation of ETT Placement,0.01,0.01,0.25,0.07,0.02,Imaging finding,False,False,False,True,False,LR−,LR < 1,Strong Negative,,,accepted_workbook_value,
lr_0003,4,fficult Endotracheal Intubation,3,fficult Endotracheal Intubation,Difficult Endotracheal Intubation,Patient has: History of difficult intubation,Patient has: History of difficult intubation,16-19,17.4355957741627,11.0,20.0,14.0,History,False,True,False,False,False,LR+,LR > 1,Strong Positive,,,accepted_workbook_value,
lr_0004,5,fficult Endotracheal Intubation,4,fficult Endotracheal Intubation,Difficult Endotracheal Intubation,Patient has: Signs: Upper lip bite test grade 3,Patient has: Signs: Upper lip bite test grade 3,14,14.0,14.0,3.0,7.0,Sign/symptom,True,False,False,False,False,LR+,LR > 1,Strong Positive,,,accepted_workbook_value,
lr_0005,6,fficult Endotracheal Intubation,5,fficult Endotracheal Intubation,Difficult Endotracheal Intubation,Patient has: Signs: Shorter hyomental distance,Patient has: Signs: Shorter hyomental distance,6.4,6.4,6.5,4.0,3.3,Sign/symptom,True,False,False,False,False,LR+,LR > 1,Moderate Positive,,,accepted_workbook_value,
lr_0006,7,fficult Endotracheal Intubation,6,fficult Endotracheal Intubation,Difficult Endotracheal Intubation,Patient has: Signs: Retrognathia,Patient has: Signs: Retrognathia,6,6.0,4.5,4.0,6.0,Sign/symptom,True,False,False,False,False,LR+,LR > 1,Moderate Positive,,,accepted_workbook_value,
lr_0007,8,fficult Endotracheal Intubation,7,fficult Endotracheal Intubation,Difficult Endotracheal Intubation,"Patient has: Signs: Combination of findings on Wilson score (weight, mobility of the cervical spine and jaw, retrognathia, and incisor appearance)","Patient has: Signs: Combination of findings on Wilson score (weight, mobility of the cervical spine and jaw, retrognathia, and incisor appearance)",9.1,9.1,8.0,6.0,6.5,Sign/symptom,True,False,False,False,False,LR+,LR > 1,Moderate Positive,,,accepted_workbook_value,
lr_0008,9,fficult Endotracheal Intubation,8,fficult Endotracheal Intubation,Difficult Endotracheal Intubation,Patient has: Signs: Impaired neck mobility,Patient has: Signs: Impaired neck mobility,4.2,4.2,6.0,6.0,5.3,Sign/symptom,True,False,False,False,False,LR+,LR > 1,Weak Positive,,,accepted_workbook_value,
lr_0009,10,fficult Endotracheal Intubation,9,fficult Endotracheal Intubation,Difficult Endotracheal Intubation,Patient has: Signs: Modified Mallampati score≥3,Patient has: Signs: Modified Mallampati score≥3,4.1,4.1,4.5,2.5,3.3,Sign/symptom,True,False,False,False,False,LR+,LR > 1,Weak Positive,,,accepted_workbook_value,
lr_0010,11,fficult Endotracheal Intubation,10,fficult Endotracheal Intubation,Difficult Endotracheal Intubation,Patient does not have: a history of difficult intubation,Patient does not have: a history of difficult intubation,0.72-0.82,0.7683749084919418,0.3,0.7,0.9,History,False,True,False,False,False,LR−,LR < 1,Negligible,,,accepted_workbook_value,
lr_0011,12,fficult Endotracheal Intubation,11,fficult Endotracheal Intubation,Difficult Endotracheal Intubation,Patient does not have: Signs: Upper lip bite test grade 3,Patient does not have: Signs: Upper lip bite test grade 3,0.42,0.42,0.2,0.8,0.4,Sign/symptom,True,False,False,False,False,LR−,LR < 1,Weak Negative,,,accepted_workbook_value,
lr_0012,13,fficult Endotracheal Intubation,12,fficult Endotracheal Intubation,Difficult Endotracheal Intubation,Patient does not have: Signs: Shorter hyomental distance,Patient does not have: Signs: Shorter hyomental distance,0.84,0.84,3.5,0.5,0.6,Sign/symptom,True,False,False,False,False,LR−,LR < 1,Negligible,,,accepted_workbook_value,
lr_0013,14,fficult Endotracheal Intubation,13,fficult Endotracheal Intubation,Difficult Endotracheal Intubation,Patient does not have: Signs: Retrognathia,Patient does not have: Signs: Retrognathia,0.85,0.85,0.4,0.8,0.8,Sign/symptom,True,False,False,False,False,LR−,LR < 1,Negligible,,,accepted_workbook_value,
lr_0014,15,fficult Endotracheal Intubation,14,fficult Endotracheal Intubation,Difficult Endotracheal Intubation,"Patient does not have: Signs: Combination of findings on Wilson score (weight, mobility of the cervical spine and jaw, retrognathia, and incisor appearance)","Patient does not have: Signs: Combination of findings on Wilson score (weight, mobility of the cervical spine and jaw, retrognathia, and incisor appearance)",0.60,0.6,0.2,0.3,0.4,Sign/symptom,True,False,False,False,False,LR−,LR < 1,Negligible,,,accepted_workbook_value,
lr_0015,16,fficult Endotracheal Intubation,15,fficult Endotracheal Intubation,Difficult Endotracheal Intubation,Patient does not have: Signs: Impaired neck mobility,Patient does not have: Signs: Impaired neck mobility,0.77,0.77,0.5,0.78,0.7,Sign/symptom,True,False,False,False,False,LR−,LR < 1,Negligible,,,accepted_workbook_value,
lr_0016,17,fficult Endotracheal Intubation,16,fficult Endotracheal Intubation,Difficult Endotracheal Intubation,Patient does not have: Signs: Modified Mallampati score≥3,Patient does not have: Signs: Modified Mallampati score≥3,0.52,0.52,0.3,0.6,0.56,Sign/symptom,True,False,False,False,False,LR−,LR < 1,Negligible,,,accepted_workbook_value,
lr_0017,18,Acute Coronary Syndrome,3,Acute Coronary Syndrome,Acute Coronary Syndrome,Patient has: Abnormal prior stress test,Patient has: Abnormal prior stress test,3.1x,3.1,3.5,3.0,3.0,History,False,True,False,False,False,LR+,LR > 1,Weak Positive,,,accepted_workbook_value,
lr_0018,19,Acute Coronary Syndrome,4,Acute Coronary Syndrome,Acute Coronary Syndrome,Patient has: Peripheral arterial disease,Patient has: Peripheral arterial disease,2.7x,2.7,2.5,2.5,2.5,History,False,True,False,False,False,LR+,LR > 1,Weak Positive,,,accepted_workbook_value,
lr_0019,20,Acute Coronary Syndrome,5,Acute Coronary Syndrome,Acute Coronary Syndrome,Patient has: Prior history of CAD,Patient has: Prior history of CAD,2.0x,2.0,3.0,3.0,2.3,History,False,True,False,False,False,LR+,LR > 1,Weak Positive,,,accepted_workbook_value,
lr_0020,21,Acute Coronary Syndrome,6,Acute Coronary Syndrome,Acute Coronary Syndrome,Patient has: Prior MI,Patient has: Prior MI,1.6x (1.4-1.7),1.6,2.5,6.0,2.2,History,False,True,False,False,False,LR+,LR > 1,Negligible,,,accepted_workbook_value,
lr_0021,22,Acute Coronary Syndrome,7,Acute Coronary Syndrome,Acute Coronary Syndrome,Patient has: Diabetes,Patient has: Diabetes,1.4x (1.3-1.6),1.4,2.0,1.6,1.4,History,False,True,False,False,False,LR+,LR > 1,Negligible,,,accepted_workbook_value,
lr_0022,23,Acute Coronary Syndrome,8,Acute Coronary Syndrome,Acute Coronary Syndrome,Patient has: CVA,Patient has: CVA,1.4x (1.1-1.8),1.4,0.9,2.0,2.2,History,False,True,False,False,False,LR+,LR > 1,Negligible,,,accepted_workbook_value,
lr_0023,24,Acute Coronary Syndrome,9,Acute Coronary Syndrome,Acute Coronary Syndrome,Patient has: Male gender,Patient has: Male gender,1.3x (1.2-1.3),1.3,1.2,2.0,1.4,History,False,True,False,False,False,LR+,LR > 1,Negligible,,,accepted_workbook_value,
lr_0024,25,Acute Coronary Syndrome,10,Acute Coronary Syndrome,Acute Coronary Syndrome,Patient has: Hyperlipidemia,Patient has: Hyperlipidemia,1.3x (1.1-1.5),1.3,1.3,1.7,1.2,History,False,True,False,False,False,LR+,LR > 1,Negligible,,,accepted_workbook_value,
lr_0025,26,Acute Coronary Syndrome,11,Acute Coronary Syndrome,Acute Coronary Syndrome,Patient has: Hypertension,Patient has: Hypertension,1.2x (1.1-1.3),1.2,1.5,1.6,1.3,History,False,True,False,False,False,LR+,LR > 1,Negligible,,,accepted_workbook_value,
lr_0026,27,Acute Coronary Syndrome,12,Acute Coronary Syndrome,Acute Coronary Syndrome,Patient has: Any history of tobacco use,Patient has: Any history of tobacco use,1.1x (0.9-1.3),1.1,1.5,2.0,1.2,History,False,True,False,False,False,LR+,LR > 1,Negligible,,,accepted_workbook_value,
lr_0027,28,Acute Coronary Syndrome,13,Acute Coronary Syndrome,Acute Coronary Syndrome,Patient has: Family history of CAD,Patient has: Family history of CAD,1.0x (0.9-1.2),1.0,1.5,1.4,1.2,History,False,True,False,False,False,LR+,LR = 1,Negligible,,,accepted_workbook_value,
lr_0028,29,Acute Coronary Syndrome,14,Acute Coronary Syndrome,Acute Coronary Syndrome,Patient has: Obesity,Patient has: Obesity,1.0x (0.9-1.2),1.0,1.2,1.3,1.3,History,False,True,False,False,False,LR+,LR = 1,Negligible,,,accepted_workbook_value,
lr_0029,30,Acute Coronary Syndrome,15,Acute Coronary Syndrome,Acute Coronary Syndrome,Patient has: History of CABG,Patient has: History of CABG,0.97x (0.5-2.1),0.97,1.8,3.0,2.5,History,False,True,False,False,False,LR+,LR < 1,Negligible,,,accepted_workbook_value,
lr_0030,31,Acute Coronary Syndrome,16,Acute Coronary Syndrome,Acute Coronary Syndrome,Patient has: Pain radiating to both arms,Patient has: Pain radiating to both arms,2.6x,2.6,2.1,4.0,7.0,Sign/symptom,True,False,False,False,False,LR+,LR > 1,Weak Positive,,,accepted_workbook_value,
lr_0031,32,Acute Coronary Syndrome,17,Acute Coronary Syndrome,Acute Coronary Syndrome,Patient has: Pain similar to prior ischemia,Patient has: Pain similar to prior ischemia,2.2x,2.2,4.5,3.2,3.0,Sign/symptom,True,False,False,False,False,LR+,LR > 1,Weak Positive,,,accepted_workbook_value,
lr_0032,33,Acute Coronary Syndrome,18,Acute Coronary Syndrome,Acute Coronary Syndrome,Patient has: Change in pattern of pain over prior 24 hours,Patient has: Change in pattern of pain over prior 24 hours,2.0x,2.0,3.5,3.5,2.5,Sign/symptom,True,False,False,False,False,LR+,LR > 1,Weak Positive,,,accepted_workbook_value,
lr_0033,34,Acute Coronary Syndrome,19,Acute Coronary Syndrome,Acute Coronary Syndrome,"Patient has: ""Typical"" chest pain","Patient has: ""Typical"" chest pain",1.9x (0.94-2.9),1.9,3.0,3.0,2.5,Sign/symptom,True,False,False,False,False,LR+,LR > 1,Negligible,,,accepted_workbook_value,
lr_0034,35,Acute Coronary Syndrome,20,Acute Coronary Syndrome,Acute Coronary Syndrome,Patient has: Pain worse with exertion,Patient has: Pain worse with exertion,1.5x-1.8x,1.643167672515498,3.5,3.5,2.4,Sign/symptom,True,False,False,False,False,LR+,LR > 1,Negligible,,,accepted_workbook_value,
lr_0035,36,Acute Coronary Syndrome,21,Acute Coronary Syndrome,Acute Coronary Syndrome,Patient has: Pain with radiation to neck or jaw,Patient has: Pain with radiation to neck or jaw,1.5x (1.3-1.8),1.5,2.5,2.5,2.3,Sign/symptom,True,False,False,False,False,LR+,LR > 1,Negligible,,,accepted_workbook_value,
lr_0036,37,Acute Coronary Syndrome,22,Acute Coronary Syndrome,Acute Coronary Syndrome,Patient has: Recent episode of similar pain,Patient has: Recent episode of similar pain,1.3x (1.1-1.4),1.3,2.5,1.8,2.3,Sign/symptom,True,False,False,False,False,LR+,LR > 1,Negligible,,,accepted_workbook_value,
lr_0037,38,Acute Coronary Syndrome,23,Acute Coronary Syndrome,Acute Coronary Syndrome,Patient has: Pain with radiation to left arm,Patient has: Pain with radiation to left arm,1.3x (1.2-1.4),1.3,2.5,2.5,1.5,Sign/symptom,True,False,False,False,False,LR+,LR > 1,Negligible,,,accepted_workbook_value,
lr_0038,39,Acute Coronary Syndrome,24,Acute Coronary Syndrome,Acute Coronary Syndrome,Patient has: Pain with radiation to right arm,Patient has: Pain with radiation to right arm,1.3x (0.78-2.1),1.3,2.5,4.7,4.7,Sign/symptom,True,False,False,False,False,LR+,LR > 1,Negligible,,,accepted_workbook_value,
lr_0039,40,Acute Coronary Syndrome,25,Acute Coronary Syndrome,Acute Coronary Syndrome,Patient has: Pain with diaphoresis,Patient has: Pain with diaphoresis,1.3x-1.4x,1.349073756323204,3.5,3.5,2.3,Sign/symptom,True,False,False,False,False,LR+,LR > 1,Negligible,,,accepted_workbook_value,
lr_0040,41,Acute Coronary Syndrome,26,Acute Coronary Syndrome,Acute Coronary Syndrome,Patient has: Pain with dyspnea,Patient has: Pain with dyspnea,1.2x (1.1-1.3),1.2,2.5,2.0,1.3,Sign/symptom,True,False,False,False,False,LR+,LR > 1,Negligible,,,accepted_workbook_value,
lr_0041,42,Acute Coronary Syndrome,27,Acute Coronary Syndrome,Acute Coronary Syndrome,Patient has: Abrupt onset pain,Patient has: Abrupt onset pain,1.1x (1.0-1.2),1.1,1.8,1.7,1.2,Sign/symptom,True,False,False,False,False,LR+,LR > 1,Negligible,,,accepted_workbook_value,
lr_0042,43,Acute Coronary Syndrome,28,Acute Coronary Syndrome,Acute Coronary Syndrome,Patient has: Any improvement in pain with nitroglycerin,Patient has: Any improvement in pain with nitroglycerin,1.1x (0.93-1.3),1.1,1.2,0.7,1.0,Sign/symptom,True,False,False,False,False,LR+,LR > 1,Negligible,,,accepted_workbook_value,
lr_0043,44,Acute Coronary Syndrome,29,Acute Coronary Syndrome,Acute Coronary Syndrome,"Patient has: ""Typical"" radiation of pain","Patient has: ""Typical"" radiation of pain",1.0x-5.7x,2.387467277262664,4.5,3.0,2.0,Sign/symptom,True,False,False,False,False,LR+,LR > 1,Weak Positive,,,accepted_workbook_value,
lr_0044,45,Acute Coronary Syndrome,30,Acute Coronary Syndrome,Acute Coronary Syndrome,Patient has: Burning pain,Patient has: Burning pain,1.0x-1.4x,1.183215956619923,0.8,0.5,0.8,Sign/symptom,True,False,False,False,False,LR+,LR > 1,Negligible,,,accepted_workbook_value,
lr_0045,46,Acute Coronary Syndrome,31,Acute Coronary Syndrome,Acute Coronary Syndrome,Patient has: Associated nausea/vomiting,Patient has: Associated nausea/vomiting,0.92x-1.1x,1.005982107196743,1.8,2.0,1.5,Sign/symptom,True,False,False,False,False,LR+,LR > 1,Negligible,,,accepted_workbook_value,
lr_0046,47,Acute Coronary Syndrome,32,Acute Coronary Syndrome,Acute Coronary Syndrome,Patient has: Associated palpitations,Patient has: Associated palpitations,0.71x (0.37-1.3),0.71,1.2,0.6,0.7,Sign/symptom,True,False,False,False,False,LR+,LR < 1,Negligible,,,accepted_workbook_value,
lr_0047,48,Acute Coronary Syndrome,33,Acute Coronary Syndrome,Acute Coronary Syndrome,Patient has: Associated syncope,Patient has: Associated syncope,0.55x (0.39-0.76),0.55,2.5,0.4,0.9,Sign/symptom,True,False,False,False,False,LR+,LR < 1,Negligible,,,accepted_workbook_value,
lr_0048,49,Acute Coronary Syndrome,34,Acute Coronary Syndrome,Acute Coronary Syndrome,Patient has: Pleuritic pain,Patient has: Pleuritic pain,0.35x-0.61x,0.4620606020859169,0.5,0.25,0.2,Sign/symptom,True,False,False,False,False,LR+,LR < 1,Weak Negative,,,accepted_workbook_value,
lr_0049,50,Acute Coronary Syndrome,35,Acute Coronary Syndrome,Acute Coronary Syndrome,Patient has: Hypotension (SBP<100),Patient has: Hypotension (SBP<100),3.9x,3.9,3.5,3.0,2.0,Sign/symptom,True,False,False,False,False,LR+,LR > 1,Weak Positive,,,accepted_workbook_value,
lr_0050,51,Acute Coronary Syndrome,36,Acute Coronary Syndrome,Acute Coronary Syndrome,Patient has: Lung rales,Patient has: Lung rales,2.0x,2.0,3.5,4.0,2.1,Sign/symptom,True,False,False,False,False,LR+,LR > 1,Weak Positive,,,accepted_workbook_value,
lr_0051,52,Acute Coronary Syndrome,37,Acute Coronary Syndrome,Acute Coronary Syndrome,Patient has: Tachypnea,Patient has: Tachypnea,1.9x (0.99-3.5),1.9,1.5,1.4,1.2,Sign/symptom,True,False,False,False,False,LR+,LR > 1,Negligible,,,accepted_workbook_value,
lr_0052,53,Acute Coronary Syndrome,38,Acute Coronary Syndrome,Acute Coronary Syndrome,Patient has: Tachycardia (heart rate>120),Patient has: Tachycardia (heart rate>120),1.3x (0.42-3.94),1.3,2.5,2.7,0.8,Sign/symptom,True,False,False,False,False,LR+,LR > 1,Negligible,,,accepted_workbook_value,
lr_0053,54,Acute Coronary Syndrome,39,Acute Coronary Syndrome,Acute Coronary Syndrome,Patient has: Pain reproduced on palpation,Patient has: Pain reproduced on palpation,0.28x (0.14-0.54),0.28,0.3,0.25,0.3,Sign/symptom,True,False,False,False,False,LR+,LR < 1,Weak Negative,,,accepted_workbook_value,
lr_0054,55,Acute Coronary Syndrome,40,Acute Coronary Syndrome,Acute Coronary Syndrome,Patient has: ST depression,Patient has: ST depression,5.3x,5.3,3.0,5.3,4.0,Test finding,False,False,True,False,False,LR+,LR > 1,Moderate Positive,,,accepted_workbook_value,
lr_0055,56,Acute Coronary Syndrome,41,Acute Coronary Syndrome,Acute Coronary Syndrome,Patient has: Ischemic ECG,Patient has: Ischemic ECG,3.6x,3.6,13.0,4.0,4.0,Test finding,False,False,True,False,False,LR+,LR > 1,Weak Positive,,,accepted_workbook_value,
lr_0056,57,Acute Coronary Syndrome,42,Acute Coronary Syndrome,Acute Coronary Syndrome,Patient has: T wave inversion,Patient has: T wave inversion,1.8x (1.3-2.7),1.8,5.0,3.0,2.0,Test finding,False,False,True,False,False,LR+,LR > 1,Negligible,,,accepted_workbook_value,
lr_0057,58,Acute Coronary Syndrome,43,Acute Coronary Syndrome,Acute Coronary Syndrome,Patient has: HEART score 7-10,Patient has: HEART score 7-10,13x,13.0,50.0,6.5,5.5,History AND Sign/symptoms AND Test Finding,True,True,True,False,False,LR+,LR > 1,Strong Positive,,,accepted_workbook_value,
lr_0058,59,Acute Coronary Syndrome,44,Acute Coronary Syndrome,Acute Coronary Syndrome,Patient has: TIMI score 5-7,Patient has: TIMI score 5-7,6.8x,6.8,10.0,8.0,9.0,History AND test finding,False,True,True,False,False,LR+,LR > 1,Moderate Positive,,,accepted_workbook_value,
lr_0059,60,Acute Coronary Syndrome,45,Acute Coronary Syndrome,Acute Coronary Syndrome,Patient has: HEART score 5-6,Patient has: HEART score 5-6,2.4x,2.4,4.7,2.5,2.0,History AND Sign/symptoms AND Test Finding,True,True,True,False,False,LR+,LR > 1,Weak Positive,,,accepted_workbook_value,
lr_0060,61,Acute Coronary Syndrome,46,Acute Coronary Syndrome,Acute Coronary Syndrome,Patient has: TIMI score 3-4,Patient has: TIMI score 3-4,2.4x,2.4,4.5,2.0,1.8,History AND test finding,False,True,True,False,False,LR+,LR > 1,Weak Positive,,,accepted_workbook_value,
lr_0061,62,Acute Coronary Syndrome,47,Acute Coronary Syndrome,Acute Coronary Syndrome,Patient has: HFA/CSANZ rule (high risk),Patient has: HFA/CSANZ rule (high risk),2.8x,2.8,8.5,7.0,7.0,History,False,True,False,False,False,LR+,LR > 1,Weak Positive,,,accepted_workbook_value,
lr_0062,63,Acute Coronary Syndrome,48,Acute Coronary Syndrome,Acute Coronary Syndrome,Patient has: HEART score 4,Patient has: HEART score 4,0.79x (0.53-1.2),0.79,4.2,1.2,2.0,History AND Sign/symptoms AND Test Finding,True,True,True,False,False,LR+,LR < 1,Negligible,,,accepted_workbook_value,
lr_0063,64,Acute Coronary Syndrome,49,Acute Coronary Syndrome,Acute Coronary Syndrome,Patient has: TIMI score 2,Patient has: TIMI score 2,0.94x (0.85-1.0),0.94,2.5,0.8,1.6,History AND test finding,False,True,True,False,False,LR+,LR < 1,Negligible,,,accepted_workbook_value,
lr_0064,65,Acute Coronary Syndrome,50,Acute Coronary Syndrome,Acute Coronary Syndrome,Patient has: HEART score 0-3,Patient has: HEART score 0-3,0.20x (0.13-0.30),0.2,0.2,0.08,0.12,History AND Sign/symptoms AND Test Finding,True,True,True,False,False,LR+,LR < 1,Moderate Negative,,,accepted_workbook_value,
lr_0065,66,Acute Coronary Syndrome,51,Acute Coronary Syndrome,Acute Coronary Syndrome,Patient has: TIMI score 0-1,Patient has: TIMI score 0-1,0.31x (0.23-0.43),0.31,0.3,0.3,0.4,History AND test finding,False,True,True,False,False,LR+,LR < 1,Weak Negative,,,accepted_workbook_value,
lr_0066,67,Acute Coronary Syndrome,52,Acute Coronary Syndrome,Acute Coronary Syndrome,Patient has: HFA/CSANZ rule (low to intermediate),Patient has: HFA/CSANZ rule (low to intermediate),0.24x (0.19-0.31),0.24,0.9,0.25,0.4,History,False,True,False,False,False,LR+,LR < 1,Weak Negative,,,accepted_workbook_value,
lr_0067,68,Acute Coronary Syndrome,53,Acute Coronary Syndrome,Acute Coronary Syndrome,Patient does not have: Male gender,Patient does not have: Male gender,0.70x (0.64-0.77),0.7,0.85,0.6,0.75,History,False,True,False,False,False,LR−,LR < 1,Negligible,,,accepted_workbook_value,
lr_0068,69,Acute Coronary Syndrome,54,Acute Coronary Syndrome,Acute Coronary Syndrome,Patient does not have: Prior history of CAD,Patient does not have: Prior history of CAD,0.75x (0.56-0.93),0.75,0.67,0.75,0.55,History,False,True,False,False,False,LR−,LR < 1,Negligible,,,accepted_workbook_value,
lr_0069,70,Acute Coronary Syndrome,55,Acute Coronary Syndrome,Acute Coronary Syndrome,Patient does not have: Hypertension,Patient does not have: Hypertension,0.78x (0.72-0.85),0.78,0.85,0.6,0.7,History,False,True,False,False,False,LR−,LR < 1,Negligible,,,accepted_workbook_value,
lr_0070,71,Acute Coronary Syndrome,56,Acute Coronary Syndrome,Acute Coronary Syndrome,Patient does not have: Hyperlipidemia,Patient does not have: Hyperlipidemia,0.85x (0.77-0.93),0.85,0.85,0.6,0.9,History,False,True,False,False,False,LR−,LR < 1,Negligible,,,accepted_workbook_value,
lr_0071,72,Acute Coronary Syndrome,57,Acute Coronary Syndrome,Acute Coronary Syndrome,Patient does not have: Prior MI,Patient does not have: Prior MI,0.88x (0.81-0.93),0.88,0.67,0.8,0.8,History,False,True,False,False,False,LR−,LR < 1,Negligible,,,accepted_workbook_value,
lr_0072,73,Acute Coronary Syndrome,58,Acute Coronary Syndrome,Acute Coronary Syndrome,Patient does not have: Diabetes,Patient does not have: Diabetes,0.90x (0.86-0.94),0.9,0.85,0.8,0.87,History,False,True,False,False,False,LR−,LR < 1,Negligible,,,accepted_workbook_value,
lr_0073,74,Acute Coronary Syndrome,59,Acute Coronary Syndrome,Acute Coronary Syndrome,Patient does not have: Abnormal prior stress test,Patient does not have: Abnormal prior stress test,0.92x (0.88-0.96),0.92,0.67,0.5,0.9,History,False,True,False,False,False,LR−,LR < 1,Negligible,,,accepted_workbook_value,
lr_0074,75,Acute Coronary Syndrome,60,Acute Coronary Syndrome,Acute Coronary Syndrome,Patient does not have: Any history of tobacco use,Patient does not have: Any history of tobacco use,0.96x (0.85-1.1),0.96,0.85,0.8,0.6,History,False,True,False,False,False,LR−,LR < 1,Negligible,,,accepted_workbook_value,
lr_0075,76,Acute Coronary Syndrome,61,Acute Coronary Syndrome,Acute Coronary Syndrome,Patient does not have: Peripheral arterial disease,Patient does not have: Peripheral arterial disease,0.96x (0.94-0.98),0.96,0.67,0.85,0.9,History,False,True,False,False,False,LR−,LR < 1,Negligible,,,accepted_workbook_value,
lr_0076,77,Acute Coronary Syndrome,62,Acute Coronary Syndrome,Acute Coronary Syndrome,Patient does not have: CVA,Patient does not have: CVA,0.97x (0.94-0.99,0.97,1.0,0.96,0.95,History,False,True,False,False,False,LR−,LR < 1,Negligible,,,accepted_workbook_value,
lr_0077,78,Acute Coronary Syndrome,63,Acute Coronary Syndrome,Acute Coronary Syndrome,Patient does not have: Obesity,Patient does not have: Obesity,0.99x (0.88-1.1),0.99,0.9,0.8,0.95,History,False,True,False,False,False,LR−,LR < 1,Negligible,,,accepted_workbook_value,
lr_0078,79,Acute Coronary Syndrome,64,Acute Coronary Syndrome,Acute Coronary Syndrome,Patient does not have: Family history of CAD,Patient does not have: Family history of CAD,0.99x (0.91-1.1),0.99,0.67,0.8,0.95,History,False,True,False,False,False,LR−,LR < 1,Negligible,,,accepted_workbook_value,
lr_0079,80,Acute Coronary Syndrome,65,Acute Coronary Syndrome,Acute Coronary Syndrome,Patient does not have: History of CABG,Patient does not have: History of CABG,1.00x (0.92-1.1),1.0,0.9,0.9,0.93,History,False,True,False,False,False,LR−,LR = 1,Negligible,,,accepted_workbook_value,
lr_0080,81,Acute Coronary Syndrome,66,Acute Coronary Syndrome,Acute Coronary Syndrome,"Patient does not have: ""Typical"" chest pain","Patient does not have: ""Typical"" chest pain",0.52x (0.35-0.69),0.52,0.4,0.33,0.6,Sign/symptom,True,False,False,False,False,LR−,LR < 1,Negligible,,,accepted_workbook_value,
lr_0081,82,Acute Coronary Syndrome,67,Acute Coronary Syndrome,Acute Coronary Syndrome,Patient does not have: Pain worse with exertion,Patient does not have: Pain worse with exertion,0.66x-0.83x,0.7401351227985333,0.67,0.6,0.7,Sign/symptom,True,False,False,False,False,LR−,LR < 1,Negligible,,,accepted_workbook_value,
lr_0082,83,Acute Coronary Syndrome,68,Acute Coronary Syndrome,Acute Coronary Syndrome,Patient does not have: Pain similar to prior ischemia,Patient does not have: Pain similar to prior ischemia,0.67x (0.60-0.74),0.67,0.67,0.6,0.77,Sign/symptom,True,False,False,False,False,LR−,LR < 1,Negligible,,,accepted_workbook_value,
lr_0083,84,Acute Coronary Syndrome,69,Acute Coronary Syndrome,Acute Coronary Syndrome,Patient does not have: Abrupt onset pain,Patient does not have: Abrupt onset pain,0.75x (0.61-0.91),0.75,0.6,1.2,1.2,Sign/symptom,True,False,False,False,False,LR−,LR < 1,Negligible,,,accepted_workbook_value,
lr_0084,85,Acute Coronary Syndrome,70,Acute Coronary Syndrome,Acute Coronary Syndrome,"Patient does not have: ""Typical"" radiation of pain","Patient does not have: ""Typical"" radiation of pain",0.78x-0.9x,0.8378544026261365,0.6,0.7,0.8,Sign/symptom,True,False,False,False,False,LR−,LR < 1,Negligible,,,accepted_workbook_value,
lr_0085,86,Acute Coronary Syndrome,71,Acute Coronary Syndrome,Acute Coronary Syndrome,Patient does not have: Recent episode of similar pain,Patient does not have: Recent episode of similar pain,0.80x (0.71-0.90),0.8,0.67,0.45,0.8,Sign/symptom,True,False,False,False,False,LR−,LR < 1,Negligible,,,accepted_workbook_value,
lr_0086,87,Acute Coronary Syndrome,72,Acute Coronary Syndrome,Acute Coronary Syndrome,Patient does not have: Change in pattern of pain over prior 24 hours,Patient does not have: Change in pattern of pain over prior 24 hours,0.84x (0.79-0.90),0.84,0.67,0.65,0.7,Sign/symptom,True,False,False,False,False,LR−,LR < 1,Negligible,,,accepted_workbook_value,
lr_0087,88,Acute Coronary Syndrome,73,Acute Coronary Syndrome,Acute Coronary Syndrome,Patient does not have: Radiation of pain to left arm,Patient does not have: Radiation of pain to left arm,0.88x (0.81-0.96),0.88,0.67,0.67,0.8,Sign/symptom,True,False,False,False,False,LR−,LR < 1,Negligible,,,accepted_workbook_value,
lr_0088,89,Acute Coronary Syndrome,74,Acute Coronary Syndrome,Acute Coronary Syndrome,Patient does not have: Pain with dyspnea,Patient does not have: Pain with dyspnea,0.89x (0.82-0.96),0.89,0.67,0.8,0.9,Sign/symptom,True,False,False,False,False,LR−,LR < 1,Negligible,,,accepted_workbook_value,
lr_0089,90,Acute Coronary Syndrome,75,Acute Coronary Syndrome,Acute Coronary Syndrome,Patient does not have: Any improvement of pain with nitroglycerin,Patient does not have: Any improvement of pain with nitroglycerin,0.90x (0.85-0.96),0.9,1.2,0.8,0.9,Sign/symptom,True,False,False,False,False,LR−,LR < 1,Negligible,,,accepted_workbook_value,
lr_0090,91,Acute Coronary Syndrome,76,Acute Coronary Syndrome,Acute Coronary Syndrome,Patient does not have: Radiation of pain to neck or jaw,Patient does not have: Radiation of pain to neck or jaw,0.91x (0.87-0.95),0.91,0.67,0.8,0.8,Sign/symptom,True,False,False,False,False,LR−,LR < 1,Negligible,,,accepted_workbook_value,
lr_0091,92,Acute Coronary Syndrome,77,Acute Coronary Syndrome,Acute Coronary Syndrome,Patient does not have: Pain with diaphoresis,Patient does not have: Pain with diaphoresis,0.91x-0.93x,0.919945650568554,0.67,0.7,0.6,Sign/symptom,True,False,False,False,False,LR−,LR < 1,Negligible,,,accepted_workbook_value,
lr_0092,93,Acute Coronary Syndrome,78,Acute Coronary Syndrome,Acute Coronary Syndrome,Patient does not have: Radiation of pain to both arms,Patient does not have: Radiation of pain to both arms,0.93x (0.89-0.9),0.93,0.67,0.94,0.96,Sign/symptom,True,False,False,False,False,LR−,LR < 1,Negligible,,,accepted_workbook_value,
lr_0093,94,Acute Coronary Syndrome,79,Acute Coronary Syndrome,Acute Coronary Syndrome,Patient does not have: Burning pain,Patient does not have: Burning pain,0.97x-1.0x,0.9848857801796105,0.67,1.3,1.3,Sign/symptom,True,False,False,False,False,LR−,LR < 1,Negligible,,,accepted_workbook_value,
lr_0094,95,Acute Coronary Syndrome,80,Acute Coronary Syndrome,Acute Coronary Syndrome,Patient does not have: Associated nausea/vomiting,Patient does not have: Associated nausea/vomiting,0.98x-1.0x,0.9899494936611666,0.67,0.8,0.85,Sign/symptom,True,False,False,False,False,LR−,LR < 1,Negligible,,,accepted_workbook_value,
lr_0095,96,Acute Coronary Syndrome,81,Acute Coronary Syndrome,Acute Coronary Syndrome,Patient does not have: Radiation of pain to right arm,Patient does not have: Radiation of pain to right arm,0.99x (0.96-1.0),0.99,0.85,0.9,0.88,Sign/symptom,True,False,False,False,False,LR−,LR < 1,Negligible,,,accepted_workbook_value,
lr_0096,97,Acute Coronary Syndrome,82,Acute Coronary Syndrome,Acute Coronary Syndrome,Patient does not have: Associated palpitations,Patient does not have: Associated palpitations,1.0x (0.98-1.1),1.0,0.9,0.9,1.2,Sign/symptom,True,False,False,False,False,LR−,LR = 1,Negligible,,,accepted_workbook_value,
lr_0097,98,Acute Coronary Syndrome,83,Acute Coronary Syndrome,Acute Coronary Syndrome,Patient does not have: Associated syncope,Patient does not have: Associated syncope,1.1x (1.1-1.1),1.1,0.67,0.95,0.97,Sign/symptom,True,False,False,False,False,LR−,LR > 1,Negligible,,,accepted_workbook_value,
lr_0098,99,Acute Coronary Syndrome,84,Acute Coronary Syndrome,Acute Coronary Syndrome,Patient does not have: Pleuritic pain,Patient does not have: Pleuritic pain,1.1x-1.2x,1.148912529307606,1.2,1.3,1.3,Sign/symptom,True,False,False,False,False,LR−,LR > 1,Negligible,,,accepted_workbook_value,
lr_0099,100,Acute Coronary Syndrome,85,Acute Coronary Syndrome,Acute Coronary Syndrome,Patient does not have: Tachypnea,Patient does not have: Tachypnea,0.95x (0.89-1.0),0.95,0.8,0.9,0.9,Sign/symptom,True,False,False,False,False,LR−,LR < 1,Negligible,,,accepted_workbook_value,
lr_0100,101,Acute Coronary Syndrome,86,Acute Coronary Syndrome,Acute Coronary Syndrome,Patient does not have: Lung rales,Patient does not have: Lung rales,0.95x (0.90-1.0),0.95,0.8,0.8,0.94,Sign/symptom,True,False,False,False,False,LR−,LR < 1,Negligible,,,accepted_workbook_value,
lr_0101,102,Acute Coronary Syndrome,87,Acute Coronary Syndrome,Acute Coronary Syndrome,Patient does not have: Hypotension (SBP <100),Patient does not have: Hypotension (SBP <100),0.98x (0.95-1.0),0.98,0.67,0.9,0.95,Sign/symptom,True,False,False,False,False,LR−,LR < 1,Negligible,,,accepted_workbook_value,
lr_0102,103,Acute Coronary Syndrome,88,Acute Coronary Syndrome,Acute Coronary Syndrome,Patient does not have: Tachycardia (HR >120),Patient does not have: Tachycardia (HR >120),0.99x (0.96-1.0),0.99,0.85,0.9,1.1,Sign/symptom,True,False,False,False,False,LR−,LR < 1,Negligible,,,accepted_workbook_value,
lr_0103,104,Acute Coronary Syndrome,89,Acute Coronary Syndrome,Acute Coronary Syndrome,Patient does not have: Pain reproduced on palpation,Patient does not have: Pain reproduced on palpation,1.2x (1.0-1.2),1.2,2.5,1.3,1.2,Sign/symptom,True,False,False,False,False,LR−,LR > 1,Negligible,,,accepted_workbook_value,
lr_0104,105,Acute Coronary Syndrome,90,Acute Coronary Syndrome,Acute Coronary Syndrome,Patient does not have: Ischemic ECG,Patient does not have: Ischemic ECG,0.74x (0.68-0.81),0.74,0.25,0.35,0.6,Test finding,False,False,True,False,False,LR−,LR < 1,Negligible,,,accepted_workbook_value,
lr_0105,106,Acute Coronary Syndrome,91,Acute Coronary Syndrome,Acute Coronary Syndrome,Patient does not have: ST depression,Patient does not have: ST depression,0.79x (0.71-0.87),0.79,0.67,0.7,0.85,Test finding,False,False,True,False,False,LR−,LR < 1,Negligible,,,accepted_workbook_value,
lr_0106,107,Acute Coronary Syndrome,92,Acute Coronary Syndrome,Acute Coronary Syndrome,Patient does not have: T wave inversion,Patient does not have: T wave inversion,0.89x (0.86-0.93),0.89,0.67,0.7,0.85,Test finding,False,False,True,False,False,LR−,LR < 1,Negligible,,,accepted_workbook_value,
lr_0107,108,Aortic Dissection,3,Aortic Dissection,Aortic Dissection,Patient has: Tearing/Ripping Pain,Patient has: Tearing/Ripping Pain,10.8×,10.8,7.6,8.0,1.2,Sign/symptom,True,False,False,False,False,LR+,LR > 1,Strong Positive,,,accepted_workbook_value,
lr_0108,109,Aortic Dissection,4,Aortic Dissection,Aortic Dissection,Patient has: Migrating pain,Patient has: Migrating pain,7.6×,7.6,7.5,3.0,7.6,Sign/symptom,True,False,False,False,False,LR+,LR > 1,Moderate Positive,,,accepted_workbook_value,
lr_0109,110,Aortic Dissection,5,Aortic Dissection,Aortic Dissection,Patient has: Sudden Chest Pain,Patient has: Sudden Chest Pain,2.6×,2.6,5.0,1.7,2.6,Sign/symptom,True,False,False,False,False,LR+,LR > 1,Weak Positive,,,accepted_workbook_value,
lr_0110,111,Aortic Dissection,6,Aortic Dissection,Aortic Dissection,Patient has: Hx of Hypertension,Patient has: Hx of Hypertension,1.5× (0.8-3.0),1.5,2.0,3.0,1.7,Sign/symptom,True,False,False,False,False,LR+,LR > 1,Negligible,,,accepted_workbook_value,
lr_0111,112,Aortic Dissection,7,Aortic Dissection,Aortic Dissection,Patient has: Focal Neurologic Deficit,Patient has: Focal Neurologic Deficit,33.0× (2.0-549.0),33.0,6.0,4.0,6.6,Sign/symptom,True,False,False,False,False,LR+,LR > 1,Strong Positive,,,accepted_workbook_value,
lr_0112,113,Aortic Dissection,8,Aortic Dissection,Aortic Dissection,Patient has: Diastolic Heart Murmur,Patient has: Diastolic Heart Murmur,4.9× (0.6-40.0),4.9,3.5,6.0,4.0,Sign/symptom,True,False,False,False,False,LR+,LR > 1,Weak Positive,,,accepted_workbook_value,
lr_0113,114,Aortic Dissection,9,Aortic Dissection,Aortic Dissection,Patient has: Pulse Deficit,Patient has: Pulse Deficit,2.7× (0.7-9.8),2.7,5.0,4.0,5.7,Sign/symptom,True,False,False,False,False,LR+,LR > 1,Weak Positive,,,accepted_workbook_value,
lr_0114,115,Aortic Dissection,10,Aortic Dissection,Aortic Dissection,Patient has: Enlarged Aorta or Wide Mediastinum on CXR,Patient has: Enlarged Aorta or Wide Mediastinum on CXR,3.4×,3.4,7.6,3.0,3.0,Imaging finding,False,False,False,True,False,LR+,LR > 1,Weak Positive,,,accepted_workbook_value,
lr_0115,116,Aortic Dissection,11,Aortic Dissection,Aortic Dissection,Patient has: LVH on Admission EKG,Patient has: LVH on Admission EKG,3.2×,3.2,1.2,2.5,1.5,Test finding,False,False,True,False,False,LR+,LR > 1,Weak Positive,,,accepted_workbook_value,
lr_0116,117,Aortic Dissection,12,Aortic Dissection,Aortic Dissection,Patient does not have: Sudden Chest Pain,Patient does not have: Sudden Chest Pain,0.3×,0.3,0.15,0.11,0.4,Sign/symptom,True,False,False,False,False,LR−,LR < 1,Weak Negative,,,accepted_workbook_value,
lr_0117,118,Aortic Dissection,13,Aortic Dissection,Aortic Dissection,Patient does not have: History of Hypertension,Patient does not have: History of Hypertension,0.4×,0.4,0.4,0.5,0.6,Sign/symptom,True,False,False,False,False,LR−,LR < 1,Weak Negative,,,accepted_workbook_value,
lr_0118,119,Aortic Dissection,14,Aortic Dissection,Aortic Dissection,Patient does not have: Tearing/Ripping Pain,Patient does not have: Tearing/Ripping Pain,0.4×,0.4,0.25,0.5,0.6,Sign/symptom,True,False,False,False,False,LR−,LR < 1,Weak Negative,,,accepted_workbook_value,
lr_0119,120,Aortic Dissection,15,Aortic Dissection,Aortic Dissection,Patient does not have: Migrating Pain,Patient does not have: Migrating Pain,0.6× (0.5-0.7),0.6,0.4,0.75,0.85,Sign/symptom,True,False,False,False,False,LR−,LR < 1,Negligible,,,accepted_workbook_value,
lr_0120,121,Aortic Dissection,16,Aortic Dissection,Aortic Dissection,Patient does not have: Pulse deficit,Patient does not have: Pulse deficit,0.63× (0.4-1.0),0.63,0.25,0.8,0.74,Sign/symptom,True,False,False,False,False,LR−,LR < 1,Negligible,,,accepted_workbook_value,
lr_0121,122,Aortic Dissection,17,Aortic Dissection,Aortic Dissection,Patient does not have: Focal Neuro deficit,Patient does not have: Focal Neuro deficit,0.87× (0.8-0.9),0.87,0.5,0.8,0.85,Sign/symptom,True,False,False,False,False,LR−,LR < 1,Negligible,,,accepted_workbook_value,
lr_0122,123,Aortic Dissection,18,Aortic Dissection,Aortic Dissection,Patient does not have: Diastolic murmur,Patient does not have: Diastolic murmur,1.1× (0.6-1.7),1.1,0.67,0.6,0.7,Sign/symptom,True,False,False,False,False,LR−,LR > 1,Negligible,,,accepted_workbook_value,
lr_0123,124,Aortic Dissection,19,Aortic Dissection,Aortic Dissection,Patient does not have: Enlarged aorta or wide mediastinum on CXR,Patient does not have: Enlarged aorta or wide mediastinum on CXR,0.13×,0.13,0.2,0.6,0.4,Imaging finding,False,False,False,True,False,LR−,LR < 1,Moderate Negative,,,accepted_workbook_value,
lr_0124,125,Aortic Dissection,20,Aortic Dissection,Aortic Dissection,Patient does not have: LVH on admission EKG,Patient does not have: LVH on admission EKG,0.84× (0.7-0.9),0.84,0.67,0.85,0.9,Test finding,False,False,True,False,False,LR−,LR < 1,Negligible,,,accepted_workbook_value,
lr_0125,126,Deep Venous Thrombosis (DVT),3,Deep Venous Thrombosis (DVT),Deep Venous Thrombosis (DVT),Patient has: A positive High Sensitivity D-Dimer (in a patient known to have a Low Pre-Test Probability by Wells),Patient has: A positive High Sensitivity D-Dimer (in a patient known to have a Low Pre-Test Probability by Wells),2.4×,2.4,1.5,2.0,1.6,Test finding AND History,False,True,True,False,False,LR+,LR > 1,Weak Positive,,,accepted_workbook_value,
lr_0126,127,Deep Venous Thrombosis (DVT),4,Deep Venous Thrombosis (DVT),Deep Venous Thrombosis (DVT),Patient has: A positive High Sensitivity D-Dimer (in a patient known to have Mod Pre-Test Probability by Wells),Patient has: A positive High Sensitivity D-Dimer (in a patient known to have Mod Pre-Test Probability by Wells),1.7×,1.7,4.5,2.3,2.0,Test finding AND History,False,True,True,False,False,LR+,LR > 1,Negligible,,,accepted_workbook_value,
lr_0127,128,Deep Venous Thrombosis (DVT),5,Deep Venous Thrombosis (DVT),Deep Venous Thrombosis (DVT),Patient has: A positive High Sensitivity D-Dimer (in a patient known to have a High Pre-Test Probability by Wells),Patient has: A positive High Sensitivity D-Dimer (in a patient known to have a High Pre-Test Probability by Wells),1.5×,1.5,20.0,1.4,1.6,Test finding AND History,False,True,True,False,False,LR+,LR > 1,Negligible,,,accepted_workbook_value,
lr_0128,129,Deep Venous Thrombosis (DVT),6,Deep Venous Thrombosis (DVT),Deep Venous Thrombosis (DVT),Patient does not have: A Positive High Sensitivity D-Dimer (in a patient known to have a Mod Pre-Test Probability by Wells),Patient does not have: A Positive High Sensitivity D-Dimer (in a patient known to have a Mod Pre-Test Probability by Wells),0.05×,0.05,0.1,0.15,0.08,Test finding AND History,False,True,True,False,False,LR−,LR < 1,Strong Negative,,,accepted_workbook_value,
lr_0129,130,Deep Venous Thrombosis (DVT),7,Deep Venous Thrombosis (DVT),Deep Venous Thrombosis (DVT),Patient does not have: A positive High Sensitivity D-Dimer (in a patient known to have High Pre-Test Probability by Wells),Patient does not have: A positive High Sensitivity D-Dimer (in a patient known to have High Pre-Test Probability by Wells),0.07×,0.07,0.1,0.25,0.35,Test finding AND History,False,True,True,False,False,LR−,LR < 1,Strong Negative,,,accepted_workbook_value,
lr_0130,131,Deep Venous Thrombosis (DVT),8,Deep Venous Thrombosis (DVT),Deep Venous Thrombosis (DVT),Patient does not have:A positive High Sensitivity D-Dimer (in a patient known to have Low Pre-Test Probability by Wells),Patient does not have:A positive High Sensitivity D-Dimer (in a patient known to have Low Pre-Test Probability by Wells),0.10×,0.1,0.1,0.06,0.1,Test finding AND History,False,True,True,False,False,LR−,LR < 1,Strong Negative,,,accepted_workbook_value,
lr_0131,132,to Acute Heart Failure Syndrome,3,to Acute Heart Failure Syndrome,Dyspnea Due to Acute Heart Failure Syndrome,Patient has: Kerley B lines on CXR,Patient has: Kerley B lines on CXR,6.5,6.5,12.0,10.0,8.0,Imaging finding,False,False,False,True,False,LR+,LR > 1,Moderate Positive,,,accepted_workbook_value,
lr_0132,133,to Acute Heart Failure Syndrome,4,to Acute Heart Failure Syndrome,Dyspnea Due to Acute Heart Failure Syndrome,Patient has: Interstitial edema on CXR,Patient has: Interstitial edema on CXR,6.4,6.4,12.0,12.0,12.0,Imaging finding,False,False,False,True,False,LR+,LR > 1,Moderate Positive,,,accepted_workbook_value,
lr_0133,134,to Acute Heart Failure Syndrome,5,to Acute Heart Failure Syndrome,Dyspnea Due to Acute Heart Failure Syndrome,Patient has: Cephalization on CXR,Patient has: Cephalization on CXR,5.6,5.6,12.0,3.5,12.0,Imaging finding,False,False,False,True,False,LR+,LR > 1,Moderate Positive,,,accepted_workbook_value,
lr_0134,135,to Acute Heart Failure Syndrome,6,to Acute Heart Failure Syndrome,Dyspnea Due to Acute Heart Failure Syndrome,Patient has: Alveolar edema on CXR,Patient has: Alveolar edema on CXR,5.3,5.3,12.0,12.0,12.0,Imaging finding,False,False,False,True,False,LR+,LR > 1,Moderate Positive,,,accepted_workbook_value,
lr_0135,136,to Acute Heart Failure Syndrome,7,to Acute Heart Failure Syndrome,Dyspnea Due to Acute Heart Failure Syndrome,Patient has: Positive B-line scan on US,Patient has: Positive B-line scan on US,7.4,7.4,7.5,9.0,12.0,Imaging finding,False,False,False,True,False,LR+,LR > 1,Moderate Positive,,,accepted_workbook_value,
lr_0136,137,to Acute Heart Failure Syndrome,8,to Acute Heart Failure Syndrome,Dyspnea Due to Acute Heart Failure Syndrome,Patient has: Restrictive mitral pattern on Echo,Patient has: Restrictive mitral pattern on Echo,8.3,8.3,8.5,12.0,8.0,Imaging finding,False,False,False,True,False,LR+,LR > 1,Moderate Positive,,,accepted_workbook_value,
lr_0137,138,to Acute Heart Failure Syndrome,9,to Acute Heart Failure Syndrome,Dyspnea Due to Acute Heart Failure Syndrome,Patient does not have: Kerley B lines on CXR,Patient does not have: Kerley B lines on CXR,0.88,0.88,0.25,0.7,0.48,Imaging finding,False,False,False,True,False,LR−,LR < 1,Negligible,,,accepted_workbook_value,
lr_0138,139,to Acute Heart Failure Syndrome,10,to Acute Heart Failure Syndrome,Dyspnea Due to Acute Heart Failure Syndrome,Patient does not have: Interstitial edema on CXR,Patient does not have: Interstitial edema on CXR,0.73,0.73,0.25,0.45,0.6,Imaging finding,False,False,False,True,False,LR−,LR < 1,Negligible,,,accepted_workbook_value,
lr_0139,140,to Acute Heart Failure Syndrome,11,to Acute Heart Failure Syndrome,Dyspnea Due to Acute Heart Failure Syndrome,Patient does not have: Cephalization on CXR,Patient does not have: Cephalization on CXR,0.53,0.53,0.25,0.5,0.82,Imaging finding,False,False,False,True,False,LR−,LR < 1,Negligible,,,accepted_workbook_value,
lr_0140,141,to Acute Heart Failure Syndrome,12,to Acute Heart Failure Syndrome,Dyspnea Due to Acute Heart Failure Syndrome,Patient does not have: Alveolar edema on CXR,Patient does not have: Alveolar edema on CXR,0.95,0.95,0.25,0.35,0.7,Imaging finding,False,False,False,True,False,LR−,LR < 1,Negligible,,,accepted_workbook_value,
lr_0141,142,to Acute Heart Failure Syndrome,13,to Acute Heart Failure Syndrome,Dyspnea Due to Acute Heart Failure Syndrome,Patient does not have: Positive B-line scan on US,Patient does not have: Positive B-line scan on US,0.16,0.16,0.2,0.07,0.13,Imaging finding,False,False,False,True,False,LR−,LR < 1,Moderate Negative,,,accepted_workbook_value,
lr_0142,143,to Acute Heart Failure Syndrome,14,to Acute Heart Failure Syndrome,Dyspnea Due to Acute Heart Failure Syndrome,Patient does not have: Restrictive mitral pattern on Echo,Patient does not have: Restrictive mitral pattern on Echo,0.21,0.21,0.3,0.7,0.7,Imaging finding,False,False,False,True,False,LR−,LR < 1,Weak Negative,,,accepted_workbook_value,
lr_0143,144,th Chronic Respiratory Disease),3,th Chronic Respiratory Disease),Dyspnea Due to Heart Failure (in a patient with Chronic Respiratory Disease),Patient has: History of Atrial fibrillation,Patient has: History of Atrial fibrillation,4.1×,4.1,2.5,3.0,1.3,History,False,True,False,False,False,LR+,LR > 1,Weak Positive,,,accepted_workbook_value,
lr_0144,145,th Chronic Respiratory Disease),4,th Chronic Respiratory Disease),Dyspnea Due to Heart Failure (in a patient with Chronic Respiratory Disease),Patient has: History of Coronary artery bypass grafting,Patient has: History of Coronary artery bypass grafting,2.8×,2.8,1.8,4.5,3.0,History,False,True,False,False,False,LR+,LR > 1,Weak Positive,,,accepted_workbook_value,
lr_0145,146,th Chronic Respiratory Disease),5,th Chronic Respiratory Disease),Dyspnea Due to Heart Failure (in a patient with Chronic Respiratory Disease),Patient has: History of Myocardial infarction,Patient has: History of Myocardial infarction,2.2×,2.2,2.5,3.0,2.6,History,False,True,False,False,False,LR+,LR > 1,Weak Positive,,,accepted_workbook_value,
lr_0146,147,th Chronic Respiratory Disease),6,th Chronic Respiratory Disease),Dyspnea Due to Heart Failure (in a patient with Chronic Respiratory Disease),Patient has: History of Diabetes mellitus,Patient has: History of Diabetes mellitus,2.0×,2.0,1.2,1.8,1.3,History,False,True,False,False,False,LR+,LR > 1,Weak Positive,,,accepted_workbook_value,
lr_0147,148,th Chronic Respiratory Disease),7,th Chronic Respiratory Disease),Dyspnea Due to Heart Failure (in a patient with Chronic Respiratory Disease),Patient has: History of Coronary artery disease,Patient has: History of Coronary artery disease,2.0×,2.0,2.5,2.5,2.3,History,False,True,False,False,False,LR+,LR > 1,Weak Positive,,,accepted_workbook_value,
lr_0148,149,th Chronic Respiratory Disease),8,th Chronic Respiratory Disease),Dyspnea Due to Heart Failure (in a patient with Chronic Respiratory Disease),Patient has: History of Angina,Patient has: History of Angina,1.7× (1.0-2.5),1.7,1.3,2.5,2.2,History,False,True,False,False,False,LR+,LR > 1,Negligible,,,accepted_workbook_value,
lr_0149,150,th Chronic Respiratory Disease),9,th Chronic Respiratory Disease),Dyspnea Due to Heart Failure (in a patient with Chronic Respiratory Disease),Patient has: History of Hypertension,Patient has: History of Hypertension,1.2× (0.95-1.5),1.2,1.8,1.8,1.3,History,False,True,False,False,False,LR+,LR > 1,Negligible,,,accepted_workbook_value,
lr_0150,151,th Chronic Respiratory Disease),10,th Chronic Respiratory Disease),Dyspnea Due to Heart Failure (in a patient with Chronic Respiratory Disease),Patient has: Orthopnea,Patient has: Orthopnea,1.3× (1.1-1.5),1.3,3.5,3.0,3.5,Sign/symptom,True,False,False,False,False,LR+,LR > 1,Negligible,,,accepted_workbook_value,
lr_0151,152,th Chronic Respiratory Disease),11,th Chronic Respiratory Disease),Dyspnea Due to Heart Failure (in a patient with Chronic Respiratory Disease),Patient has: Fatigue,Patient has: Fatigue,1.1× (0.96-1.3),1.1,1.5,1.8,1.0,Sign/symptom,True,False,False,False,False,LR+,LR > 1,Negligible,,,accepted_workbook_value,
lr_0152,153,th Chronic Respiratory Disease),12,th Chronic Respiratory Disease),Dyspnea Due to Heart Failure (in a patient with Chronic Respiratory Disease),Patient has: Nocturnal cough,Patient has: Nocturnal cough,0.93× (0.73-1.2),0.93,2.5,3.3,1.8,Sign/symptom,True,False,False,False,False,LR+,LR < 1,Negligible,,,accepted_workbook_value,
lr_0153,154,th Chronic Respiratory Disease),13,th Chronic Respiratory Disease),Dyspnea Due to Heart Failure (in a patient with Chronic Respiratory Disease),Patient has: 3rd heart sound (ventricullar filling gallop),Patient has: 3rd heart sound (ventricullar filling gallop),57.0×,57.0,11.0,11.0,11.0,Sign/symptom,True,False,False,False,False,LR+,LR > 1,Strong Positive,,,accepted_workbook_value,
lr_0154,155,th Chronic Respiratory Disease),14,th Chronic Respiratory Disease),Dyspnea Due to Heart Failure (in a patient with Chronic Respiratory Disease),Patient has: elevated JVD,Patient has: elevated JVD,4.3×,4.3,4.5,5.0,4.4,Sign/symptom,True,False,False,False,False,LR+,LR > 1,Weak Positive,,,accepted_workbook_value,
lr_0155,156,th Chronic Respiratory Disease),15,th Chronic Respiratory Disease),Dyspnea Due to Heart Failure (in a patient with Chronic Respiratory Disease),Patient has: Lower extremity edema,Patient has: Lower extremity edema,2.7×,2.7,2.5,2.5,2.3,Sign/symptom,True,False,False,False,False,LR+,LR > 1,Weak Positive,,,accepted_workbook_value,
lr_0156,157,th Chronic Respiratory Disease),16,th Chronic Respiratory Disease),Dyspnea Due to Heart Failure (in a patient with Chronic Respiratory Disease),Patient has: Rales,Patient has: Rales,2.6×,2.6,2.5,2.0,2.3,Sign/symptom,True,False,False,False,False,LR+,LR > 1,Weak Positive,,,accepted_workbook_value,
lr_0157,158,th Chronic Respiratory Disease),17,th Chronic Respiratory Disease),Dyspnea Due to Heart Failure (in a patient with Chronic Respiratory Disease),Patient has: Hepatic congestion,Patient has: Hepatic congestion,2.4×,2.4,4.5,10.0,5.0,Imaging finding,False,False,False,True,False,LR+,LR > 1,Weak Positive,,,accepted_workbook_value,
lr_0158,159,th Chronic Respiratory Disease),18,th Chronic Respiratory Disease),Dyspnea Due to Heart Failure (in a patient with Chronic Respiratory Disease),Patient has: Enlarged heart on CXR,Patient has: Enlarged heart on CXR,1.6× (0.43-6.2),1.6,3.5,5.0,3.3,Imaging finding,False,False,False,True,False,LR+,LR > 1,Negligible,,,accepted_workbook_value,
lr_0159,160,th Chronic Respiratory Disease),19,th Chronic Respiratory Disease),Dyspnea Due to Heart Failure (in a patient with Chronic Respiratory Disease),Patient has: Wheezing,Patient has: Wheezing,0.85× (0.65-1.1),0.85,0.8,0.33,0.4,Imaging finding,False,False,False,True,False,LR+,LR < 1,Negligible,,,accepted_workbook_value,
lr_0160,161,th Chronic Respiratory Disease),20,th Chronic Respiratory Disease),Dyspnea Due to Heart Failure (in a patient with Chronic Respiratory Disease),Patient has: Clinician's Gestalt suggests cardiac cause,Patient has: Clinician's Gestalt suggests cardiac cause,9.9×,9.9,4.5,4.0,4.0,Sign/symptom,True,False,False,False,False,LR+,LR > 1,Moderate Positive,,,accepted_workbook_value,
lr_0161,162,th Chronic Respiratory Disease),21,th Chronic Respiratory Disease),Dyspnea Due to Heart Failure (in a patient with Chronic Respiratory Disease),Patient has: Edema on CXR,Patient has: Edema on CXR,11.0×,11.0,3.5,7.0,12.0,Sign/symptom,True,False,False,False,False,LR+,LR > 1,Strong Positive,,,accepted_workbook_value,
lr_0162,163,th Chronic Respiratory Disease),22,th Chronic Respiratory Disease),Dyspnea Due to Heart Failure (in a patient with Chronic Respiratory Disease),Patient has: Cardiolmegaly on CXR,Patient has: Cardiolmegaly on CXR,7.1×,7.1,3.5,2.5,3.3,Imaging finding,False,False,False,True,False,LR+,LR > 1,Moderate Positive,,,accepted_workbook_value,
lr_0163,164,th Chronic Respiratory Disease),23,th Chronic Respiratory Disease),Dyspnea Due to Heart Failure (in a patient with Chronic Respiratory Disease),Patient has: Pleural effusion(s) on CXR,Patient has: Pleural effusion(s) on CXR,4.6×,4.6,2.5,4.8,5.5,Imaging finding,False,False,False,True,False,LR+,LR > 1,Weak Positive,,,accepted_workbook_value,
lr_0164,165,th Chronic Respiratory Disease),24,th Chronic Respiratory Disease),Dyspnea Due to Heart Failure (in a patient with Chronic Respiratory Disease),Patient has: Pneumonia on CXR,Patient has: Pneumonia on CXR,1.0× (0.46-2.3),1.0,0.3,0.2,0.25,Imaging finding,False,False,False,True,False,LR+,LR = 1,Negligible,,,accepted_workbook_value,
lr_0165,166,th Chronic Respiratory Disease),25,th Chronic Respiratory Disease),Dyspnea Due to Heart Failure (in a patient with Chronic Respiratory Disease),Patient has: Hyperventilation on CXR,Patient has: Hyperventilation on CXR,0.53× (0.25-1.1),0.53,1.2,0.33,0.3,Sign/symptom,True,False,False,False,False,LR+,LR < 1,Negligible,,,accepted_workbook_value,
lr_0166,167,th Chronic Respiratory Disease),26,th Chronic Respiratory Disease),Dyspnea Due to Heart Failure (in a patient with Chronic Respiratory Disease),Patient has: Normal CXR,Patient has: Normal CXR,0.11× (0.04-0.28),0.11,0.3,0.4,0.4,Sign/symptom,True,False,False,False,False,LR+,LR < 1,Moderate Negative,,,accepted_workbook_value,
lr_0167,168,th Chronic Respiratory Disease),27,th Chronic Respiratory Disease),Dyspnea Due to Heart Failure (in a patient with Chronic Respiratory Disease),Patient has: Atrial fibrillation on EKG,Patient has: Atrial fibrillation on EKG,6.0×,6.0,2.5,3.0,1.7,Test finding,False,False,True,False,False,LR+,LR > 1,Moderate Positive,,,accepted_workbook_value,
lr_0168,169,th Chronic Respiratory Disease),28,th Chronic Respiratory Disease),Dyspnea Due to Heart Failure (in a patient with Chronic Respiratory Disease),Patient has: Ischemic ST-T waves,Patient has: Ischemic ST-T waves,4.6×,4.6,2.5,3.3,1.4,Test finding,False,False,True,False,False,LR+,LR > 1,Weak Positive,,,accepted_workbook_value,
lr_0169,170,th Chronic Respiratory Disease),29,th Chronic Respiratory Disease),Dyspnea Due to Heart Failure (in a patient with Chronic Respiratory Disease),Patient has: Q waves,Patient has: Q waves,3.1×,3.1,2.5,2.0,3.0,Test finding,False,False,True,False,False,LR+,LR > 1,Weak Positive,,,accepted_workbook_value,
lr_0170,171,th Chronic Respiratory Disease),30,th Chronic Respiratory Disease),Dyspnea Due to Heart Failure (in a patient with Chronic Respiratory Disease),Patient has: BNP ≥100 pg/ml,Patient has: BNP ≥100 pg/ml,4.1,4.1,2.0,3.5,2.5,Test finding,False,False,True,False,False,LR+,LR > 1,Weak Positive,,,accepted_workbook_value,
lr_0171,172,th Chronic Respiratory Disease),31,th Chronic Respiratory Disease),Dyspnea Due to Heart Failure (in a patient with Chronic Respiratory Disease),Patient does not have: A history of Coronary artery disease,Patient does not have: A history of Coronary artery disease,0.67× (0.54-0.84),0.67,0.67,0.6,0.6,History,False,True,False,False,False,LR−,LR < 1,Negligible,,,accepted_workbook_value,
lr_0172,173,th Chronic Respiratory Disease),32,th Chronic Respiratory Disease),Dyspnea Due to Heart Failure (in a patient with Chronic Respiratory Disease),Patient does not have: A history of Atrial fibrillation,Patient does not have: A history of Atrial fibrillation,0.74× (0.63-0.85),0.74,0.67,0.75,0.85,History,False,True,False,False,False,LR−,LR < 1,Negligible,,,accepted_workbook_value,
lr_0173,174,th Chronic Respiratory Disease),33,th Chronic Respiratory Disease),Dyspnea Due to Heart Failure (in a patient with Chronic Respiratory Disease),Patient does not have: A history of Myocardial infarction,Patient does not have: A history of Myocardial infarction,0.84× (0.74-0.96),0.84,0.67,0.75,0.8,History,False,True,False,False,False,LR−,LR < 1,Negligible,,,accepted_workbook_value,
lr_0174,175,th Chronic Respiratory Disease),34,th Chronic Respiratory Disease),Dyspnea Due to Heart Failure (in a patient with Chronic Respiratory Disease),Patient does not have: A history of  Hypertension,Patient does not have: A history of  Hypertension,0.84× (0.65-1.1),0.84,0.67,0.4,0.5,History,False,True,False,False,False,LR−,LR < 1,Negligible,,,accepted_workbook_value,
lr_0175,176,th Chronic Respiratory Disease),35,th Chronic Respiratory Disease),Dyspnea Due to Heart Failure (in a patient with Chronic Respiratory Disease),Patient does not have: A history of Diabetes mellitus,Patient does not have: A history of Diabetes mellitus,0.85× (0.74-0.97),0.85,0.9,0.8,0.8,History,False,True,False,False,False,LR−,LR < 1,Negligible,,,accepted_workbook_value,
lr_0176,177,th Chronic Respiratory Disease),36,th Chronic Respiratory Disease),Dyspnea Due to Heart Failure (in a patient with Chronic Respiratory Disease),Patient does not have: A history of Angina,Patient does not have: A history of Angina,0.90× (0.80-1.0),0.9,0.67,0.75,0.85,History,False,True,False,False,False,LR−,LR < 1,Negligible,,,accepted_workbook_value,
lr_0177,178,th Chronic Respiratory Disease),37,th Chronic Respiratory Disease),Dyspnea Due to Heart Failure (in a patient with Chronic Respiratory Disease),Patient does not have: A history of Coronary artery bypass grafting,Patient does not have: A history of Coronary artery bypass grafting,0.92× (0.84-0.99),0.92,0.9,0.9,0.85,History,False,True,False,False,False,LR−,LR < 1,Negligible,,,accepted_workbook_value,
lr_0178,179,th Chronic Respiratory Disease),38,th Chronic Respiratory Disease),Dyspnea Due to Heart Failure (in a patient with Chronic Respiratory Disease),Patient does not have: Orthopnea,Patient does not have: Orthopnea,0.68× (0.48-0.95),0.68,0.4,0.3,0.6,Sign/symptom,True,False,False,False,False,LR−,LR < 1,Negligible,,,accepted_workbook_value,
lr_0179,180,th Chronic Respiratory Disease),39,th Chronic Respiratory Disease),Dyspnea Due to Heart Failure (in a patient with Chronic Respiratory Disease),Patient does not have: Fatigue,Patient does not have: Fatigue,0.79× (0.54-1.2),0.79,0.67,0.4,0.9,Sign/symptom,True,False,False,False,False,LR−,LR < 1,Negligible,,,accepted_workbook_value,
lr_0180,181,th Chronic Respiratory Disease),40,th Chronic Respiratory Disease),Dyspnea Due to Heart Failure (in a patient with Chronic Respiratory Disease),Patient does not have: Nocturnal cough,Patient does not have: Nocturnal cough,1.1× (0.85-1.4),1.1,0.67,0.75,0.9,Sign/symptom,True,False,False,False,False,LR−,LR > 1,Negligible,,,accepted_workbook_value,
lr_0181,182,th Chronic Respiratory Disease),41,th Chronic Respiratory Disease),Dyspnea Due to Heart Failure (in a patient with Chronic Respiratory Disease),Patient does not have: Rales,Patient does not have: Rales,0.39×,0.39,0.4,0.4,0.6,Sign/symptom,True,False,False,False,False,LR−,LR < 1,Weak Negative,,,accepted_workbook_value,
lr_0182,183,th Chronic Respiratory Disease),42,th Chronic Respiratory Disease),Dyspnea Due to Heart Failure (in a patient with Chronic Respiratory Disease),Patient does not have: Lower extremity edema,Patient does not have: Lower extremity edema,0.41×,0.41,0.3,0.7,0.7,Sign/symptom,True,False,False,False,False,LR−,LR < 1,Weak Negative,,,accepted_workbook_value,
lr_0183,184,th Chronic Respiratory Disease),43,th Chronic Respiratory Disease),Dyspnea Due to Heart Failure (in a patient with Chronic Respiratory Disease),Patient does not have: Elevated JVD,Patient does not have: Elevated JVD,0.65× (0.54-0.78),0.65,0.3,0.66,0.8,Sign/symptom,True,False,False,False,False,LR−,LR < 1,Negligible,,,accepted_workbook_value,
lr_0184,185,th Chronic Respiratory Disease),44,th Chronic Respiratory Disease),Dyspnea Due to Heart Failure (in a patient with Chronic Respiratory Disease),Patient does not have: 3rd heart sound (ventricullar filling gallop),Patient does not have: 3rd heart sound (ventricullar filling gallop),0.83× (0.75-0.91),0.83,0.4,0.85,0.9,Sign/symptom,True,False,False,False,False,LR−,LR < 1,Negligible,,,accepted_workbook_value,
lr_0185,186,th Chronic Respiratory Disease),45,th Chronic Respiratory Disease),Dyspnea Due to Heart Failure (in a patient with Chronic Respiratory Disease),Patient does not have: Hepatic congestion,Patient does not have: Hepatic congestion,0.91× (0.84-1.0),0.91,0.67,0.63,0.75,Imaging finding,False,False,False,True,False,LR−,LR < 1,Negligible,,,accepted_workbook_value,
lr_0186,187,th Chronic Respiratory Disease),46,th Chronic Respiratory Disease),Dyspnea Due to Heart Failure (in a patient with Chronic Respiratory Disease),Patient does not have: Enlarged heart,Patient does not have: Enlarged heart,0.99× (0.95-1.0),0.99,0.4,0.6,0.9,Imaging finding,False,False,False,True,False,LR−,LR < 1,Negligible,,,accepted_workbook_value,
lr_0187,188,th Chronic Respiratory Disease),47,th Chronic Respiratory Disease),Dyspnea Due to Heart Failure (in a patient with Chronic Respiratory Disease),Patient does not have: Wheezing,Patient does not have: Wheezing,1.2× (0.94-1.4),1.2,0.67,2.3,2.5,Imaging finding,False,False,False,True,False,LR−,LR > 1,Negligible,,,accepted_workbook_value,
lr_0188,189,th Chronic Respiratory Disease),48,th Chronic Respiratory Disease),Dyspnea Due to Heart Failure (in a patient with Chronic Respiratory Disease),Patient does not have: Clinician's Gestalt suggests cardiac cause,Patient does not have: Clinician's Gestalt suggests cardiac cause,0.65× (0.55-0.77),0.65,0.25,0.3,0.45,Sign/symptom,True,False,False,False,False,LR−,LR < 1,Negligible,,,accepted_workbook_value,
lr_0189,190,th Chronic Respiratory Disease),49,th Chronic Respiratory Disease),Dyspnea Due to Heart Failure (in a patient with Chronic Respiratory Disease),Patient does not have: Cardiolmegaly on CXR,Patient does not have: Cardiolmegaly on CXR,0.54× (0.44-0.67),0.54,0.3,0.5,0.7,Sign/symptom,True,False,False,False,False,LR−,LR < 1,Negligible,,,accepted_workbook_value,
lr_0190,191,th Chronic Respiratory Disease),50,th Chronic Respiratory Disease),Dyspnea Due to Heart Failure (in a patient with Chronic Respiratory Disease),Patient does not have: Edema on CXR,Patient does not have: Edema on CXR,0.68× (0.58-0.79),0.68,0.3,0.35,0.6,Imaging finding,False,False,False,True,False,LR−,LR < 1,Negligible,,,accepted_workbook_value,
lr_0191,192,th Chronic Respiratory Disease),51,th Chronic Respiratory Disease),Dyspnea Due to Heart Failure (in a patient with Chronic Respiratory Disease),Patient does not have: Pleural effusion(s) on CXR,Patient does not have: Pleural effusion(s) on CXR,0.78× (0.69-0.89),0.78,0.3,0.45,0.4,Imaging finding,False,False,False,True,False,LR−,LR < 1,Negligible,,,accepted_workbook_value,
lr_0192,193,th Chronic Respiratory Disease),52,th Chronic Respiratory Disease),Dyspnea Due to Heart Failure (in a patient with Chronic Respiratory Disease),Patient does not have: Pneumonia on CXR,Patient does not have: Pneumonia on CXR,1.0× (0.93-1.1),1.0,2.5,1.2,1.2,Imaging finding,False,False,False,True,False,LR−,LR = 1,Negligible,,,accepted_workbook_value,
lr_0193,194,th Chronic Respiratory Disease),53,th Chronic Respiratory Disease),Dyspnea Due to Heart Failure (in a patient with Chronic Respiratory Disease),Patient does not have: Hyperventilation on CXR,Patient does not have: Hyperventilation on CXR,1.1× (1.0-1.2),1.1,0.7,2.3,2.7,Sign/symptom,True,False,False,False,False,LR−,LR > 1,Negligible,,,accepted_workbook_value,
lr_0194,195,th Chronic Respiratory Disease),54,th Chronic Respiratory Disease),Dyspnea Due to Heart Failure (in a patient with Chronic Respiratory Disease),Patient does not have: Normal CXR,Patient does not have: Normal CXR,1.7×(1.5-1.8),1.7,3.2,1.4,1.1,Sign/symptom,True,False,False,False,False,LR−,LR > 1,Negligible,,,accepted_workbook_value,
lr_0195,196,th Chronic Respiratory Disease),55,th Chronic Respiratory Disease),Dyspnea Due to Heart Failure (in a patient with Chronic Respiratory Disease),Patient does not have: Atrial fibrillation on EKG,Patient does not have: Atrial fibrillation on EKG,0.73× (0.63-0.84),0.73,0.67,0.8,0.9,Test finding,False,False,True,False,False,LR−,LR < 1,Negligible,,,accepted_workbook_value,
lr_0196,197,th Chronic Respiratory Disease),56,th Chronic Respiratory Disease),Dyspnea Due to Heart Failure (in a patient with Chronic Respiratory Disease),Patient does not have: Ischemic ST-T waves,Patient does not have: Ischemic ST-T waves,0.83× (0.74-0.93),0.83,0.7,0.8,0.85,Test finding,False,False,True,False,False,LR−,LR < 1,Negligible,,,accepted_workbook_value,
lr_0197,198,th Chronic Respiratory Disease),57,th Chronic Respiratory Disease),Dyspnea Due to Heart Failure (in a patient with Chronic Respiratory Disease),Patient does not have: Q waves,Patient does not have: Q waves,0.84× (0.75-0.94),0.84,0.9,0.7,0.9,Test finding,False,False,True,False,False,LR−,LR < 1,Negligible,,,accepted_workbook_value,
lr_0198,199,th Chronic Respiratory Disease),58,th Chronic Respiratory Disease),Dyspnea Due to Heart Failure (in a patient with Chronic Respiratory Disease),Patient does not have: BNP ≥100 pg/ml,Patient does not have: BNP ≥100 pg/ml,0.09×,0.09,0.25,0.13,0.13,Test finding,False,False,True,False,False,LR−,LR < 1,Strong Negative,,,accepted_workbook_value,
lr_0199,200,ut Chronic Respiratory Disease),3,ut Chronic Respiratory Disease),Dyspnea Due to Heart Failure (in a patient without Chronic Respiratory Disease),Patient has: History of Heart Failure,Patient has: History of Heart Failure,5.8×,5.8,4.5,3.3,6.0,History,False,True,False,False,False,LR+,LR > 1,Moderate Positive,,,accepted_workbook_value,
lr_0200,201,ut Chronic Respiratory Disease),4,ut Chronic Respiratory Disease),Dyspnea Due to Heart Failure (in a patient without Chronic Respiratory Disease),Patient has: History of Myocardial infarction,Patient has: History of Myocardial infarction,3.1×,3.1,2.5,4.0,3.1,History,False,True,False,False,False,LR+,LR > 1,Weak Positive,,,accepted_workbook_value,
lr_0201,202,ut Chronic Respiratory Disease),5,ut Chronic Respiratory Disease),Dyspnea Due to Heart Failure (in a patient without Chronic Respiratory Disease),Patient has: History of Coronary artery disease,Patient has: History of Coronary artery disease,1.8× (1.1-2.8),1.8,3.5,4.5,3.0,History,False,True,False,False,False,LR+,LR > 1,Negligible,,,accepted_workbook_value,
lr_0202,203,ut Chronic Respiratory Disease),6,ut Chronic Respiratory Disease),Dyspnea Due to Heart Failure (in a patient without Chronic Respiratory Disease),Patient has: History of Dyslipidemia,Patient has: History of Dyslipidemia,1.7× (0.43-6.9),1.7,1.3,1.6,1.2,History,False,True,False,False,False,LR+,LR > 1,Negligible,,,accepted_workbook_value,
lr_0203,204,ut Chronic Respiratory Disease),7,ut Chronic Respiratory Disease),Dyspnea Due to Heart Failure (in a patient without Chronic Respiratory Disease),Patient has: History of Diabetes mellitus,Patient has: History of Diabetes mellitus,1.7× (1.0-2.7),1.7,1.3,1.8,1.3,History,False,True,False,False,False,LR+,LR > 1,Negligible,,,accepted_workbook_value,
lr_0204,205,ut Chronic Respiratory Disease),8,ut Chronic Respiratory Disease),Dyspnea Due to Heart Failure (in a patient without Chronic Respiratory Disease),Patient has: History of Hypertension,Patient has: History of Hypertension,1.4× (1.1-1.7),1.4,2.5,1.8,1.3,History,False,True,False,False,False,LR+,LR > 1,Negligible,,,accepted_workbook_value,
lr_0205,206,ut Chronic Respiratory Disease),9,ut Chronic Respiratory Disease),Dyspnea Due to Heart Failure (in a patient without Chronic Respiratory Disease),Patient has: History of Smoking,Patient has: History of Smoking,0.84× (0.58-1.2),0.84,0.9,1.3,1.1,History,False,True,False,False,False,LR+,LR < 1,Negligible,,,accepted_workbook_value,
lr_0206,207,ut Chronic Respiratory Disease),10,ut Chronic Respiratory Disease),Dyspnea Due to Heart Failure (in a patient without Chronic Respiratory Disease),Patient has: History of COPD,Patient has: History of COPD,0.81× (0.60-1.1),0.81,0.6,0.4,0.05,History,False,True,False,False,False,LR+,LR < 1,Negligible,,,accepted_workbook_value,
lr_0207,208,ut Chronic Respiratory Disease),11,ut Chronic Respiratory Disease),Dyspnea Due to Heart Failure (in a patient without Chronic Respiratory Disease),Patient has: Paroxysmal nocturnal dyspnea,Patient has: Paroxysmal nocturnal dyspnea,2.6×,2.6,6.0,2.8,2.6,Sign/symptom,True,False,False,False,False,LR+,LR > 1,Weak Positive,,,accepted_workbook_value,
lr_0208,209,ut Chronic Respiratory Disease),12,ut Chronic Respiratory Disease),Dyspnea Due to Heart Failure (in a patient without Chronic Respiratory Disease),Patient has: Orthopnea,Patient has: Orthopnea,2.2×,2.2,6.0,2.2,2.3,Sign/symptom,True,False,False,False,False,LR+,LR > 1,Weak Positive,,,accepted_workbook_value,
lr_0209,210,ut Chronic Respiratory Disease),13,ut Chronic Respiratory Disease),Dyspnea Due to Heart Failure (in a patient without Chronic Respiratory Disease),Patient has: Edema,Patient has: Edema,2.1×,2.1,3.5,2.3,2.3,Sign/symptom,True,False,False,False,False,LR+,LR > 1,Weak Positive,,,accepted_workbook_value,
lr_0210,211,ut Chronic Respiratory Disease),14,ut Chronic Respiratory Disease),Dyspnea Due to Heart Failure (in a patient without Chronic Respiratory Disease),Patient has: Dyspnea on exertion,Patient has: Dyspnea on exertion,1.3× (1.2-1.4),1.3,2.5,1.5,1.2,Sign/symptom,True,False,False,False,False,LR+,LR > 1,Negligible,,,accepted_workbook_value,
lr_0211,212,ut Chronic Respiratory Disease),15,ut Chronic Respiratory Disease),Dyspnea Due to Heart Failure (in a patient without Chronic Respiratory Disease),Patient has: Fatigue and weight gain,Patient has: Fatigue and weight gain,1.0× (0.74-1.4),1.0,3.5,4.0,2.7,Sign/symptom,True,False,False,False,False,LR+,LR = 1,Negligible,,,accepted_workbook_value,
lr_0212,213,ut Chronic Respiratory Disease),16,ut Chronic Respiratory Disease),Dyspnea Due to Heart Failure (in a patient without Chronic Respiratory Disease),Patient has: Cough,Patient has: Cough,0.93× (0.70-1.2),0.93,1.2,0.7,1.1,Sign/symptom,True,False,False,False,False,LR+,LR < 1,Negligible,,,accepted_workbook_value,
lr_0213,214,ut Chronic Respiratory Disease),17,ut Chronic Respiratory Disease),Dyspnea Due to Heart Failure (in a patient without Chronic Respiratory Disease),Patient has: 3rd heart sound (ventricullar filling gallop),Patient has: 3rd heart sound (ventricullar filling gallop),11×,11.0,11.0,11.0,11.0,Sign/symptom,True,False,False,False,False,LR+,LR > 1,Strong Positive,,,accepted_workbook_value,
lr_0214,215,ut Chronic Respiratory Disease),18,ut Chronic Respiratory Disease),Dyspnea Due to Heart Failure (in a patient without Chronic Respiratory Disease),Patient has: Abdominojugular reflux,Patient has: Abdominojugular reflux,6.4×,6.4,6.4,8.0,6.4,Sign/symptom,True,False,False,False,False,LR+,LR > 1,Moderate Positive,,,accepted_workbook_value,
lr_0215,216,ut Chronic Respiratory Disease),19,ut Chronic Respiratory Disease),Dyspnea Due to Heart Failure (in a patient without Chronic Respiratory Disease),Patient has: Elevated JVD,Patient has: Elevated JVD,5.1×,5.1,4.4,4.5,5.1,Sign/symptom,True,False,False,False,False,LR+,LR > 1,Moderate Positive,,,accepted_workbook_value,
lr_0216,217,ut Chronic Respiratory Disease),20,ut Chronic Respiratory Disease),Dyspnea Due to Heart Failure (in a patient without Chronic Respiratory Disease),Patient has: Rales,Patient has: Rales,2.8×,2.8,2.8,2.8,2.7,Sign/symptom,True,False,False,False,False,LR+,LR > 1,Weak Positive,,,accepted_workbook_value,
lr_0217,218,ut Chronic Respiratory Disease),21,ut Chronic Respiratory Disease),Dyspnea Due to Heart Failure (in a patient without Chronic Respiratory Disease),Patient has: Any murmur,Patient has: Any murmur,2.6×,2.6,1.2,2.8,2.7,Sign/symptom,True,False,False,False,False,LR+,LR > 1,Weak Positive,,,accepted_workbook_value,
lr_0218,219,ut Chronic Respiratory Disease),22,ut Chronic Respiratory Disease),Dyspnea Due to Heart Failure (in a patient without Chronic Respiratory Disease),Patient has: Lower extremity edema,Patient has: Lower extremity edema,2.3×,2.3,2.5,2.5,2.3,Sign/symptom,True,False,False,False,False,LR+,LR > 1,Weak Positive,,,accepted_workbook_value,
lr_0219,220,ut Chronic Respiratory Disease),23,ut Chronic Respiratory Disease),Dyspnea Due to Heart Failure (in a patient without Chronic Respiratory Disease),Patient has: Valsalva maneuver,Patient has: Valsalva maneuver,2.1×,2.1,1.0,1.0,1.0,Sign/symptom,True,False,False,False,False,LR+,LR > 1,Weak Positive,,,accepted_workbook_value,
lr_0220,221,ut Chronic Respiratory Disease),24,ut Chronic Respiratory Disease),Dyspnea Due to Heart Failure (in a patient without Chronic Respiratory Disease),Patient has: SBP <100 mmHg,Patient has: SBP <100 mmHg,2.0×,2.0,3.5,2.5,0.4,Sign/symptom,True,False,False,False,False,LR+,LR > 1,Weak Positive,,,accepted_workbook_value,
lr_0221,222,ut Chronic Respiratory Disease),25,ut Chronic Respiratory Disease),Dyspnea Due to Heart Failure (in a patient without Chronic Respiratory Disease),Patient has: 4th heart sound (atrial gallop),Patient has: 4th heart sound (atrial gallop),1.6× (0.47-5.5),1.6,4.1,1.0,1.1,Sign/symptom,True,False,False,False,False,LR+,LR > 1,Negligible,,,accepted_workbook_value,
lr_0222,223,ut Chronic Respiratory Disease),26,ut Chronic Respiratory Disease),Dyspnea Due to Heart Failure (in a patient without Chronic Respiratory Disease),Patient has: SBP >= 150 mmHg,Patient has: SBP >= 150 mmHg,1.0× (0.69-1.6),1.0,4.8,2.3,2.5,Sign/symptom,True,False,False,False,False,LR+,LR = 1,Negligible,,,accepted_workbook_value,
lr_0223,224,ut Chronic Respiratory Disease),27,ut Chronic Respiratory Disease),Dyspnea Due to Heart Failure (in a patient without Chronic Respiratory Disease),Patient has: Wheezing,Patient has: Wheezing,0.52× (0.04-2.9),0.52,0.6,0.5,1.5,Sign/symptom,True,False,False,False,False,LR+,LR < 1,Negligible,,,accepted_workbook_value,
lr_0224,225,ut Chronic Respiratory Disease),28,ut Chronic Respiratory Disease),Dyspnea Due to Heart Failure (in a patient without Chronic Respiratory Disease),Patient has: Clinician's Gestalt suggests cardiac cause,Patient has: Clinician's Gestalt suggests cardiac cause,4.4×,4.4,4.5,4.5,5.0,Sign/symptom,True,False,False,False,False,LR+,LR > 1,Weak Positive,,,accepted_workbook_value,
lr_0225,226,ut Chronic Respiratory Disease),29,ut Chronic Respiratory Disease),Dyspnea Due to Heart Failure (in a patient without Chronic Respiratory Disease),Patient has: Pulmonary venous congestion on CXR,Patient has: Pulmonary venous congestion on CXR,12.0×,12.0,12.0,3.5,9.0,Imaging finding,False,False,False,True,False,LR+,LR > 1,Strong Positive,,,accepted_workbook_value,
lr_0226,227,ut Chronic Respiratory Disease),30,ut Chronic Respiratory Disease),Dyspnea Due to Heart Failure (in a patient without Chronic Respiratory Disease),Patient has: Interstitial edema on CXR,Patient has: Interstitial edema on CXR,12.0×,12.0,12.0,12.0,6.0,Imaging finding,False,False,False,True,False,LR+,LR > 1,Strong Positive,,,accepted_workbook_value,
lr_0227,228,ut Chronic Respiratory Disease),31,ut Chronic Respiratory Disease),Dyspnea Due to Heart Failure (in a patient without Chronic Respiratory Disease),Patient has: Alveolar edema on CXR,Patient has: Alveolar edema on CXR,6.0×,6.0,12.0,6.5,12.0,Imaging finding,False,False,False,True,False,LR+,LR > 1,Moderate Positive,,,accepted_workbook_value,
lr_0228,229,ut Chronic Respiratory Disease),32,ut Chronic Respiratory Disease),Dyspnea Due to Heart Failure (in a patient without Chronic Respiratory Disease),Patient has: Cardiomegaly on CXR,Patient has: Cardiomegaly on CXR,3.3×,3.3,4.8,4.5,3.3,Imaging finding,False,False,False,True,False,LR+,LR > 1,Weak Positive,,,accepted_workbook_value,
lr_0229,230,ut Chronic Respiratory Disease),33,ut Chronic Respiratory Disease),Dyspnea Due to Heart Failure (in a patient without Chronic Respiratory Disease),Patient has: Pleural effusion(s) on CXR,Patient has: Pleural effusion(s) on CXR,3.2×,3.2,3.5,3.5,3.2,Imaging finding,False,False,False,True,False,LR+,LR > 1,Weak Positive,,,accepted_workbook_value,
lr_0230,231,ut Chronic Respiratory Disease),34,ut Chronic Respiratory Disease),Dyspnea Due to Heart Failure (in a patient without Chronic Respiratory Disease),Patient has: Any edema on CXR,Patient has: Any edema on CXR,3.1×,3.1,4.0,3.0,7.0,Imaging finding,False,False,False,True,False,LR+,LR > 1,Weak Positive,,,accepted_workbook_value,
lr_0231,232,ut Chronic Respiratory Disease),35,ut Chronic Respiratory Disease),Dyspnea Due to Heart Failure (in a patient without Chronic Respiratory Disease),Patient has: Pneumonia on CXR,Patient has: Pneumonia on CXR,0.50× (0.29-0.87),0.5,0.3,0.3,0.15,Imaging finding,False,False,False,True,False,LR+,LR < 1,Negligible,,,accepted_workbook_value,
lr_0232,233,ut Chronic Respiratory Disease),36,ut Chronic Respiratory Disease),Dyspnea Due to Heart Failure (in a patient without Chronic Respiratory Disease),Patient has: Hyperinflation on CXR,Patient has: Hyperinflation on CXR,0.38× (0.20-0.69),0.38,0.3,0.25,0.3,Imaging finding,False,False,False,True,False,LR+,LR < 1,Weak Negative,,,accepted_workbook_value,
lr_0233,234,ut Chronic Respiratory Disease),37,ut Chronic Respiratory Disease),Dyspnea Due to Heart Failure (in a patient without Chronic Respiratory Disease),Patient has: Atrial fibrillation on EKG,Patient has: Atrial fibrillation on EKG,3.8×,3.8,2.5,4.0,2.3,Test finding,False,False,True,False,False,LR+,LR > 1,Weak Positive,,,accepted_workbook_value,
lr_0234,235,ut Chronic Respiratory Disease),38,ut Chronic Respiratory Disease),Dyspnea Due to Heart Failure (in a patient without Chronic Respiratory Disease),Patient has: New T-wave changes,Patient has: New T-wave changes,3.0×,3.0,1.5,2.2,2.1,Test finding,False,False,True,False,False,LR+,LR > 1,Weak Positive,,,accepted_workbook_value,
lr_0235,236,ut Chronic Respiratory Disease),39,ut Chronic Respiratory Disease),Dyspnea Due to Heart Failure (in a patient without Chronic Respiratory Disease),Patient has: Any abnormal finding on EKG,Patient has: Any abnormal finding on EKG,2.2×,2.2,2.5,2.1,2.0,Test finding,False,False,True,False,False,LR+,LR > 1,Weak Positive,,,accepted_workbook_value,
lr_0236,237,ut Chronic Respiratory Disease),40,ut Chronic Respiratory Disease),Dyspnea Due to Heart Failure (in a patient without Chronic Respiratory Disease),Patient has: ST elevation,Patient has: ST elevation,1.8× (0.80-4.0),1.8,1.0,0.4,0.8,Test finding,False,False,True,False,False,LR+,LR > 1,Negligible,,,accepted_workbook_value,
lr_0237,238,ut Chronic Respiratory Disease),41,ut Chronic Respiratory Disease),Dyspnea Due to Heart Failure (in a patient without Chronic Respiratory Disease),Patient has: ST depression,Patient has: ST depression,1.7× (0.97-2.9),1.7,1.2,1.3,1.3,Test finding,False,False,True,False,False,LR+,LR > 1,Negligible,,,accepted_workbook_value,
lr_0238,239,ut Chronic Respiratory Disease),42,ut Chronic Respiratory Disease),Dyspnea Due to Heart Failure (in a patient without Chronic Respiratory Disease),Patient has: BNP ≥250,Patient has: BNP ≥250,4.6×,4.6,12.0,12.0,5.0,Test finding,False,False,True,False,False,LR+,LR > 1,Weak Positive,,,accepted_workbook_value,
lr_0239,240,ut Chronic Respiratory Disease),43,ut Chronic Respiratory Disease),Dyspnea Due to Heart Failure (in a patient without Chronic Respiratory Disease),Patient has: BNP ≥200,Patient has: BNP ≥200,3.7×,3.7,8.0,6.5,7.0,Test finding,False,False,True,False,False,LR+,LR > 1,Weak Positive,,,accepted_workbook_value,
lr_0240,241,ut Chronic Respiratory Disease),44,ut Chronic Respiratory Disease),Dyspnea Due to Heart Failure (in a patient without Chronic Respiratory Disease),Patient has: BNP ≥150,Patient has: BNP ≥150,3.1×,3.1,8.5,6.0,5.0,Test finding,False,False,True,False,False,LR+,LR > 1,Weak Positive,,,accepted_workbook_value,
lr_0241,242,ut Chronic Respiratory Disease),45,ut Chronic Respiratory Disease),Dyspnea Due to Heart Failure (in a patient without Chronic Respiratory Disease),Patient has: Either BNP ≥100 pg/ml or Clinician Gestaul of a cardiac cause,Patient has: Either BNP ≥100 pg/ml or Clinician Gestaul of a cardiac cause,3.1×,3.1,8.5,1.8,3.0,Test finding,False,False,True,False,False,LR+,LR > 1,Weak Positive,,,accepted_workbook_value,
lr_0242,243,ut Chronic Respiratory Disease),46,ut Chronic Respiratory Disease),Dyspnea Due to Heart Failure (in a patient without Chronic Respiratory Disease),Patient has: BNP ≥100,Patient has: BNP ≥100,2.7×,2.7,8.0,4.0,3.8,Test finding,False,False,True,False,False,LR+,LR > 1,Weak Positive,,,accepted_workbook_value,
lr_0243,244,ut Chronic Respiratory Disease),47,ut Chronic Respiratory Disease),Dyspnea Due to Heart Failure (in a patient without Chronic Respiratory Disease),Patient has: BNP ≥50,Patient has: BNP ≥50,1.7× (1.2-2.6),1.7,8.5,2.5,3.0,Test finding,False,False,True,False,False,LR+,LR > 1,Negligible,,,accepted_workbook_value,
lr_0244,245,ut Chronic Respiratory Disease),48,ut Chronic Respiratory Disease),Dyspnea Due to Heart Failure (in a patient without Chronic Respiratory Disease),Patient does not have: History of Heart Failure,Patient does not have: History of Heart Failure,0.45×,0.45,0.25,0.44,0.45,History,False,True,False,False,False,LR−,LR < 1,Weak Negative,,,accepted_workbook_value,
lr_0245,246,ut Chronic Respiratory Disease),49,ut Chronic Respiratory Disease),Dyspnea Due to Heart Failure (in a patient without Chronic Respiratory Disease),Patient does not have: History of Myocardial infarction,Patient does not have: History of Myocardial infarction,0.69× (0.58-0.82),0.69,0.67,0.6,0.7,History,False,True,False,False,False,LR−,LR < 1,Negligible,,,accepted_workbook_value,
lr_0246,247,ut Chronic Respiratory Disease),50,ut Chronic Respiratory Disease),Dyspnea Due to Heart Failure (in a patient without Chronic Respiratory Disease),Patient does not have: History of Coronary artery disease,Patient does not have: History of Coronary artery disease,0.68× (0.48-0.96),0.68,0.3,0.4,0.45,History,False,True,False,False,False,LR−,LR < 1,Negligible,,,accepted_workbook_value,
lr_0247,248,ut Chronic Respiratory Disease),51,ut Chronic Respiratory Disease),Dyspnea Due to Heart Failure (in a patient without Chronic Respiratory Disease),Patient does not have: History of Hypertension,Patient does not have: History of Hypertension,0.71× (0.55-0.93),0.71,0.4,0.5,0.6,History,False,True,False,False,False,LR−,LR < 1,Negligible,,,accepted_workbook_value,
lr_0248,249,ut Chronic Respiratory Disease),52,ut Chronic Respiratory Disease),Dyspnea Due to Heart Failure (in a patient without Chronic Respiratory Disease),Patient does not have: History of Dyslipidemia,Patient does not have: History of Dyslipidemia,0.89× (0.69-1.1),0.89,0.85,0.7,0.8,History,False,True,False,False,False,LR−,LR < 1,Negligible,,,accepted_workbook_value,
lr_0249,250,ut Chronic Respiratory Disease),53,ut Chronic Respiratory Disease),Dyspnea Due to Heart Failure (in a patient without Chronic Respiratory Disease),Patient does not have: History of Diabetes mellitus,Patient does not have: History of Diabetes mellitus,0.86× (0.73-1.0),0.86,0.9,0.7,0.85,History,False,True,False,False,False,LR−,LR < 1,Negligible,,,accepted_workbook_value,
lr_0250,251,ut Chronic Respiratory Disease),54,ut Chronic Respiratory Disease),Dyspnea Due to Heart Failure (in a patient without Chronic Respiratory Disease),Patient does not have: History of Smoking,Patient does not have: History of Smoking,1.4× (0.58-3.6),1.4,0.9,0.9,0.9,History,False,True,False,False,False,LR−,LR > 1,Negligible,,,accepted_workbook_value,
lr_0251,252,ut Chronic Respiratory Disease),55,ut Chronic Respiratory Disease),Dyspnea Due to Heart Failure (in a patient without Chronic Respiratory Disease),Patient does not have: History of COPD,Patient does not have: History of COPD,1.1× (0.95-1.4),1.1,2.5,1.0,1.4,History,False,True,False,False,False,LR−,LR > 1,Negligible,,,accepted_workbook_value,
lr_0252,253,ut Chronic Respiratory Disease),56,ut Chronic Respiratory Disease),Dyspnea Due to Heart Failure (in a patient without Chronic Respiratory Disease),Patient does not have: Dyspnea on exertion,Patient does not have: Dyspnea on exertion,0.48×,0.48,0.3,0.2,0.5,Sign/symptom,True,False,False,False,False,LR−,LR < 1,Weak Negative,,,accepted_workbook_value,
lr_0253,254,ut Chronic Respiratory Disease),57,ut Chronic Respiratory Disease),Dyspnea Due to Heart Failure (in a patient without Chronic Respiratory Disease),Patient does not have: Edema,Patient does not have: Edema,0.64× (0.39-1.1),0.64,0.3,0.33,0.7,Sign/symptom,True,False,False,False,False,LR−,LR < 1,Negligible,,,accepted_workbook_value,
lr_0254,255,ut Chronic Respiratory Disease),58,ut Chronic Respiratory Disease),Dyspnea Due to Heart Failure (in a patient without Chronic Respiratory Disease),Patient does not have: Orthopnea,Patient does not have: Orthopnea,0.65× (0.45-0.92),0.65,0.25,0.66,0.65,Sign/symptom,True,False,False,False,False,LR−,LR < 1,Negligible,,,accepted_workbook_value,
lr_0255,256,ut Chronic Respiratory Disease),59,ut Chronic Respiratory Disease),Dyspnea Due to Heart Failure (in a patient without Chronic Respiratory Disease),Patient does not have: Paroxysmal nocturnal dyspnea,Patient does not have: Paroxysmal nocturnal dyspnea,0.70× (0.54-0.91),0.7,0.4,0.45,0.72,Sign/symptom,True,False,False,False,False,LR−,LR < 1,Negligible,,,accepted_workbook_value,
lr_0256,257,ut Chronic Respiratory Disease),60,ut Chronic Respiratory Disease),Dyspnea Due to Heart Failure (in a patient without Chronic Respiratory Disease),Patient does not have: Fatigue and weight gain,Patient does not have: Fatigue and weight gain,0.99× (0.85-1.1),0.99,0.3,0.33,0.6,Sign/symptom,True,False,False,False,False,LR−,LR < 1,Negligible,,,accepted_workbook_value,
lr_0257,258,ut Chronic Respiratory Disease),61,ut Chronic Respiratory Disease),Dyspnea Due to Heart Failure (in a patient without Chronic Respiratory Disease),Patient does not have: Cough,Patient does not have: Cough,1.0× (0.87-1.3),1.0,0.67,2.0,1.7,Sign/symptom,True,False,False,False,False,LR−,LR = 1,Negligible,,,accepted_workbook_value,
lr_0258,259,ut Chronic Respiratory Disease),62,ut Chronic Respiratory Disease),Dyspnea Due to Heart Failure (in a patient without Chronic Respiratory Disease),Patient does not have: Valsalva maneuver,Patient does not have: Valsalva maneuver,0.41×,0.41,1.0,1.0,1.0,Sign/symptom,True,False,False,False,False,LR−,LR < 1,Weak Negative,,,accepted_workbook_value,
lr_0259,260,ut Chronic Respiratory Disease),63,ut Chronic Respiratory Disease),Dyspnea Due to Heart Failure (in a patient without Chronic Respiratory Disease),Patient does not have: Rales,Patient does not have: Rales,0.51× (0.37-0.70),0.51,0.4,0.5,0.6,Sign/symptom,True,False,False,False,False,LR−,LR < 1,Negligible,,,accepted_workbook_value,
lr_0260,261,ut Chronic Respiratory Disease),64,ut Chronic Respiratory Disease),Dyspnea Due to Heart Failure (in a patient without Chronic Respiratory Disease),Patient does not have: Lower extremity edema,Patient does not have: Lower extremity edema,0.64× (0.47-0.87),0.64,0.4,0.7,0.6,Sign/symptom,True,False,False,False,False,LR−,LR < 1,Negligible,,,accepted_workbook_value,
lr_0261,262,ut Chronic Respiratory Disease),65,ut Chronic Respiratory Disease),Dyspnea Due to Heart Failure (in a patient without Chronic Respiratory Disease),Patient does not have: JVD,Patient does not have: JVD,0.66× (0.57-0.77),0.66,0.3,0.65,0.66,Sign/symptom,True,False,False,False,False,LR−,LR < 1,Negligible,,,accepted_workbook_value,
lr_0262,263,ut Chronic Respiratory Disease),66,ut Chronic Respiratory Disease),Dyspnea Due to Heart Failure (in a patient without Chronic Respiratory Disease),Patient does not have: Abdominojugular reflux,Patient does not have: Abdominojugular reflux,0.79× (0.62-1.0),0.79,0.5,0.8,0.78,Sign/symptom,True,False,False,False,False,LR−,LR < 1,Negligible,,,accepted_workbook_value,
lr_0263,264,ut Chronic Respiratory Disease),67,ut Chronic Respiratory Disease),Dyspnea Due to Heart Failure (in a patient without Chronic Respiratory Disease),Patient does not have: Any murmur,Patient does not have: Any murmur,0.81× (0.73-0.90),0.81,0.67,0.8,0.8,Sign/symptom,True,False,False,False,False,LR−,LR < 1,Negligible,,,accepted_workbook_value,
lr_0264,265,ut Chronic Respiratory Disease),68,ut Chronic Respiratory Disease),Dyspnea Due to Heart Failure (in a patient without Chronic Respiratory Disease),Patient does not have: 3rd heart sound (ventricullar filling gallop),Patient does not have: 3rd heart sound (ventricullar filling gallop),0.88× (0.83-0.94),0.88,0.4,0.75,0.85,Sign/symptom,True,False,False,False,False,LR−,LR < 1,Negligible,,,accepted_workbook_value,
lr_0265,266,ut Chronic Respiratory Disease),69,ut Chronic Respiratory Disease),Dyspnea Due to Heart Failure (in a patient without Chronic Respiratory Disease),Patient does not have: SBP <100 mmHg,Patient does not have: SBP <100 mmHg,0.97× (0.91-1.0),0.97,0.5,1.2,1.1,Sign/symptom,True,False,False,False,False,LR−,LR < 1,Negligible,,,accepted_workbook_value,
lr_0266,267,ut Chronic Respiratory Disease),70,ut Chronic Respiratory Disease),Dyspnea Due to Heart Failure (in a patient without Chronic Respiratory Disease),Patient does not have: 4th heart sound (atrial gallop),Patient does not have: 4th heart sound (atrial gallop),0.98× (0.93-1.0),0.98,0.67,0.75,0.9,Sign/symptom,True,False,False,False,False,LR−,LR < 1,Negligible,,,accepted_workbook_value,
lr_0267,268,ut Chronic Respiratory Disease),71,ut Chronic Respiratory Disease),Dyspnea Due to Heart Failure (in a patient without Chronic Respiratory Disease),Patient does not have: SBP ≥ 150 mmHg,Patient does not have: SBP ≥ 150 mmHg,0.99× (0.84-1.2),0.99,0.67,0.6,0.75,Sign/symptom,True,False,False,False,False,LR−,LR < 1,Negligible,,,accepted_workbook_value,
lr_0268,269,ut Chronic Respiratory Disease),72,ut Chronic Respiratory Disease),Dyspnea Due to Heart Failure (in a patient without Chronic Respiratory Disease),Patient does not have: Ascities,Patient does not have: Ascities,1.0× (0.99-1.1),1.0,0.9,0.9,0.95,Sign/symptom,True,False,False,False,False,LR−,LR = 1,Negligible,,,accepted_workbook_value,
lr_0269,270,ut Chronic Respiratory Disease),73,ut Chronic Respiratory Disease),Dyspnea Due to Heart Failure (in a patient without Chronic Respiratory Disease),Patient does not have: Wheezing,Patient does not have: Wheezing,1.3× (1.1-1.7),1.3,2.5,1.3,0.9,Sign/symptom,True,False,False,False,False,LR−,LR > 1,Negligible,,,accepted_workbook_value,
lr_0270,271,ut Chronic Respiratory Disease),74,ut Chronic Respiratory Disease),Dyspnea Due to Heart Failure (in a patient without Chronic Respiratory Disease),Patient does not have: Clinician's Gestalt suggests a cardiac cause,Patient does not have: Clinician's Gestalt suggests a cardiac cause,0.45×,0.45,0.25,0.3,0.3,Sign/symptom,True,False,False,False,False,LR−,LR < 1,Weak Negative,,,accepted_workbook_value,
lr_0271,272,ut Chronic Respiratory Disease),75,ut Chronic Respiratory Disease),Dyspnea Due to Heart Failure (in a patient without Chronic Respiratory Disease),Patient does not have: Cardiomegaly on CXR,Patient does not have: Cardiomegaly on CXR,0.33×,0.33,0.25,0.25,0.47,Imaging finding,False,False,False,True,False,LR−,LR < 1,Weak Negative,,,accepted_workbook_value,
lr_0272,273,ut Chronic Respiratory Disease),76,ut Chronic Respiratory Disease),Dyspnea Due to Heart Failure (in a patient without Chronic Respiratory Disease),Patient does not have: Any edema on CXR,Patient does not have: Any edema on CXR,0.38×,0.38,0.25,0.35,0.48,Imaging finding,False,False,False,True,False,LR−,LR < 1,Weak Negative,,,accepted_workbook_value,
lr_0273,274,ut Chronic Respiratory Disease),77,ut Chronic Respiratory Disease),Dyspnea Due to Heart Failure (in a patient without Chronic Respiratory Disease),Patient does not have: Pulmonary venous congestion on CXR,Patient does not have: Pulmonary venous congestion on CXR,0.48×,0.48,0.25,0.33,0.7,Imaging finding,False,False,False,True,False,LR−,LR < 1,Weak Negative,,,accepted_workbook_value,
lr_0274,275,ut Chronic Respiratory Disease),78,ut Chronic Respiratory Disease),Dyspnea Due to Heart Failure (in a patient without Chronic Respiratory Disease),Patient does not have: Interstitial edema on CXR,Patient does not have: Interstitial edema on CXR,0.68× (0.54-0.85),0.68,0.3,0.33,0.45,Imaging finding,False,False,False,True,False,LR−,LR < 1,Negligible,,,accepted_workbook_value,
lr_0275,276,ut Chronic Respiratory Disease),79,ut Chronic Respiratory Disease),Dyspnea Due to Heart Failure (in a patient without Chronic Respiratory Disease),Patient does not have: Pleural effusion(s) on CXR,Patient does not have: Pleural effusion(s) on CXR,0.81× (0.77-0.85),0.81,0.3,0.44,0.7,Imaging finding,False,False,False,True,False,LR−,LR < 1,Negligible,,,accepted_workbook_value,
lr_0276,277,ut Chronic Respiratory Disease),80,ut Chronic Respiratory Disease),Dyspnea Due to Heart Failure (in a patient without Chronic Respiratory Disease),Patient does not have: Alveolar edema on CXR,Patient does not have: Alveolar edema on CXR,0.95× (0.93-0.97),0.95,0.25,0.8,0.36,Imaging finding,False,False,False,True,False,LR−,LR < 1,Negligible,,,accepted_workbook_value,
lr_0277,278,ut Chronic Respiratory Disease),81,ut Chronic Respiratory Disease),Dyspnea Due to Heart Failure (in a patient without Chronic Respiratory Disease),Patient does not have: Pneumonia on CXR,Patient does not have: Pneumonia on CXR,1.0× (1.0-1.1),1.0,2.5,1.3,1.5,Imaging finding,False,False,False,True,False,LR−,LR = 1,Negligible,,,accepted_workbook_value,
lr_0278,279,ut Chronic Respiratory Disease),82,ut Chronic Respiratory Disease),Dyspnea Due to Heart Failure (in a patient without Chronic Respiratory Disease),Patient does not have: Hyperinflation on CXR,Patient does not have: Hyperinflation on CXR,1.1× (1.0-1.1),1.1,0.25,1.2,1.0,Imaging finding,False,False,False,True,False,LR−,LR > 1,Negligible,,,accepted_workbook_value,
lr_0279,280,ut Chronic Respiratory Disease),83,ut Chronic Respiratory Disease),Dyspnea Due to Heart Failure (in a patient without Chronic Respiratory Disease),Patient does not have: Any abnormal finding on CXR,Patient does not have: Any abnormal finding on CXR,0.64× (0.47-0.88),0.64,0.2,0.4,0.3,Imaging finding,False,False,False,True,False,LR−,LR < 1,Negligible,,,accepted_workbook_value,
lr_0280,281,ut Chronic Respiratory Disease),84,ut Chronic Respiratory Disease),Dyspnea Due to Heart Failure (in a patient without Chronic Respiratory Disease),Patient does not have: Atrial fibrillation on EKG,Patient does not have: Atrial fibrillation on EKG,0.79× (0.65-0.96),0.79,0.67,0.8,0.9,Test finding,False,False,True,False,False,LR−,LR < 1,Negligible,,,accepted_workbook_value,
lr_0281,282,ut Chronic Respiratory Disease),85,ut Chronic Respiratory Disease),Dyspnea Due to Heart Failure (in a patient without Chronic Respiratory Disease),Patient does not have: New T-wave changes,Patient does not have: New T-wave changes,0.83× 0.74-0.92),0.83,0.9,0.9,0.9,Test finding,False,False,True,False,False,LR−,LR < 1,Negligible,,,accepted_workbook_value,
lr_0282,283,ut Chronic Respiratory Disease),86,ut Chronic Respiratory Disease),Dyspnea Due to Heart Failure (in a patient without Chronic Respiratory Disease),Patient does not have: ST elevation,Patient does not have: ST elevation,0.98× (0.94-1.0),0.98,1.0,0.9,1.0,Test finding,False,False,True,False,False,LR−,LR < 1,Negligible,,,accepted_workbook_value,
lr_0283,284,ut Chronic Respiratory Disease),87,ut Chronic Respiratory Disease),Dyspnea Due to Heart Failure (in a patient without Chronic Respiratory Disease),Patient does not have: ST depression,Patient does not have: ST depression,0.95× (0.90-1.0),0.95,1.0,0.8,0.8,Test finding,False,False,True,False,False,LR−,LR < 1,Negligible,,,accepted_workbook_value,
lr_0284,285,ut Chronic Respiratory Disease),88,ut Chronic Respiratory Disease),Dyspnea Due to Heart Failure (in a patient without Chronic Respiratory Disease),Patient does not have: BNP ≥50,Patient does not have: BNP ≥50,0.06×,0.06,0.2,0.08,0.06,Test finding,False,False,True,False,False,LR−,LR < 1,Strong Negative,,,accepted_workbook_value,
lr_0285,286,ut Chronic Respiratory Disease),89,ut Chronic Respiratory Disease),Dyspnea Due to Heart Failure (in a patient without Chronic Respiratory Disease),Patient does not have: BNP ≥80,Patient does not have: BNP ≥80,0.06×,0.06,0.2,0.15,0.08,Test finding,False,False,True,False,False,LR−,LR < 1,Strong Negative,,,accepted_workbook_value,
lr_0286,287,ut Chronic Respiratory Disease),90,ut Chronic Respiratory Disease),Dyspnea Due to Heart Failure (in a patient without Chronic Respiratory Disease),Patient does not have: Either BNP ≥100 pg/ml or Clinician Gestaul of a cardiac cause,Patient does not have: Either BNP ≥100 pg/ml or Clinician Gestaul of a cardiac cause,0.09×,0.09,0.1,0.05,0.03,Test finding,False,False,True,False,False,LR−,LR < 1,Strong Negative,,,accepted_workbook_value,
lr_0287,288,ut Chronic Respiratory Disease),91,ut Chronic Respiratory Disease),Dyspnea Due to Heart Failure (in a patient without Chronic Respiratory Disease),Patient does not have: BNP ≥100,Patient does not have: BNP ≥100,0.11×,0.11,0.1,0.1,0.13,Test finding,False,False,True,False,False,LR−,LR < 1,Moderate Negative,,,accepted_workbook_value,
lr_0288,289,ut Chronic Respiratory Disease),92,ut Chronic Respiratory Disease),Dyspnea Due to Heart Failure (in a patient without Chronic Respiratory Disease),Patient does not have: BNP ≥200,Patient does not have: BNP ≥200,0.11×,0.11,0.25,0.18,0.3,Test finding,False,False,True,False,False,LR−,LR < 1,Moderate Negative,,,accepted_workbook_value,
lr_0289,290,ut Chronic Respiratory Disease),93,ut Chronic Respiratory Disease),Dyspnea Due to Heart Failure (in a patient without Chronic Respiratory Disease),Patient does not have: BNP ≥250,Patient does not have: BNP ≥250,0.14×,0.14,0.1,0.23,0.25,Test finding,False,False,True,False,False,LR−,LR < 1,Moderate Negative,,,accepted_workbook_value,
lr_0290,291,ut Chronic Respiratory Disease),94,ut Chronic Respiratory Disease),Dyspnea Due to Heart Failure (in a patient without Chronic Respiratory Disease),Patient does not have: BNP ≥150,Patient does not have: BNP ≥150,0.15×,0.15,0.2,0.2,0.2,Test finding,False,False,True,False,False,LR−,LR < 1,Moderate Negative,,,accepted_workbook_value,
lr_0291,292,modynamically Unstable Patients,3,modynamically Unstable Patients,Fluid Responsiveness in Hemodynamically Unstable Patients,Patient has: Respiratory variation in vena cava diameter measured by ultrasound in mechanically ventilated patients (dispensability index >15%),Patient has: Respiratory variation in vena cava diameter measured by ultrasound in mechanically ventilated patients (dispensability index >15%),5.3,5.3,12.0,5.4,5.3,Sign/symptom,True,False,False,False,False,LR+,LR > 1,Moderate Positive,,,accepted_workbook_value,
lr_0292,293,modynamically Unstable Patients,4,modynamically Unstable Patients,Fluid Responsiveness in Hemodynamically Unstable Patients,"Patient has: Increased pulse pressure variation in mechanically ventilated patients, when Vt <7.0mL/kg:","Patient has: Increased pulse pressure variation in mechanically ventilated patients, when Vt <7.0mL/kg:",7.9,7.9,6.5,4.0,1.9,Sign/symptom,True,False,False,False,False,LR+,LR > 1,Moderate Positive,,,accepted_workbook_value,
lr_0293,294,modynamically Unstable Patients,5,modynamically Unstable Patients,Fluid Responsiveness in Hemodynamically Unstable Patients,Patient does not have: Respiratory variation in vena cava diameter measured by ultrasound in mechanically ventilated patients (dispensability index <15%)*,Patient does not have: Respiratory variation in vena cava diameter measured by ultrasound in mechanically ventilated patients (dispensability index <15%)*,0.27,0.27,0.25,0.25,3.0,Sign/symptom,True,False,False,False,False,LR−,LR < 1,Weak Negative,,,accepted_workbook_value,
lr_0294,295,he Diagnosis of Cardiac Syncope,3,he Diagnosis of Cardiac Syncope,Cardiac Syncope,Patient has: Age at first syncopal episode older than 35 years,Patient has: Age at first syncopal episode older than 35 years,3.3,3.3,0.8,3.5,2.5,History,False,True,False,False,False,LR+,LR > 1,Weak Positive,,,accepted_workbook_value,
lr_0295,296,he Diagnosis of Cardiac Syncope,4,he Diagnosis of Cardiac Syncope,Cardiac Syncope,Patient has: History of atrial fibrillation or flutter,Patient has: History of atrial fibrillation or flutter,7.3,7.3,3.5,4.0,3.0,History,False,True,False,False,False,LR+,LR > 1,Moderate Positive,,,accepted_workbook_value,
lr_0296,297,he Diagnosis of Cardiac Syncope,5,he Diagnosis of Cardiac Syncope,Cardiac Syncope,Patient has: Known severe structural heart disease,Patient has: Known severe structural heart disease,3.3 to 4.8,3.979949748426479,6.5,4.0,4.0,History,False,True,False,False,False,LR+,LR > 1,Weak Positive,,,accepted_workbook_value,
lr_0297,298,he Diagnosis of Cardiac Syncope,6,he Diagnosis of Cardiac Syncope,Cardiac Syncope,Patient has: Dyspnea prior to syncope,Patient has: Dyspnea prior to syncope,3.5,3.5,2.5,2.3,3.0,Sign/symptom,True,False,False,False,False,LR+,LR > 1,Weak Positive,,,accepted_workbook_value,
lr_0298,299,he Diagnosis of Cardiac Syncope,7,he Diagnosis of Cardiac Syncope,Cardiac Syncope,Patient has: Chest pain/angina prior to syncope,Patient has: Chest pain/angina prior to syncope,3.4 to 3.8,3.594440151122286,3.5,5.5,2.5,Sign/symptom,True,False,False,False,False,LR+,LR > 1,Weak Positive,,,accepted_workbook_value,
lr_0299,300,he Diagnosis of Cardiac Syncope,8,he Diagnosis of Cardiac Syncope,Cardiac Syncope,Patient has: Cyanotic during syncope,Patient has: Cyanotic during syncope,6.2,6.2,8.5,3.5,0.2,Sign/symptom,True,False,False,False,False,LR+,LR > 1,Moderate Positive,,,accepted_workbook_value,
lr_0300,301,he Diagnosis of Cardiac Syncope,9,he Diagnosis of Cardiac Syncope,Cardiac Syncope,Patient has: High-sensitivity cardiac troponin T >42 pg/mL,Patient has: High-sensitivity cardiac troponin T >42 pg/mL,5.1,5.1,3.5,8.0,3.0,Test finding,False,False,True,False,False,LR+,LR > 1,Moderate Positive,,,accepted_workbook_value,
lr_0301,302,he Diagnosis of Cardiac Syncope,10,he Diagnosis of Cardiac Syncope,Cardiac Syncope,Patient has: High-sensitivity cardiac troponin I >31.3 pg/mL,Patient has: High-sensitivity cardiac troponin I >31.3 pg/mL,5.4,5.4,3.5,3.5,3.0,Test finding,False,False,True,False,False,LR+,LR > 1,Moderate Positive,,,accepted_workbook_value,
lr_0302,303,he Diagnosis of Cardiac Syncope,11,he Diagnosis of Cardiac Syncope,Cardiac Syncope,Patient has: NT-proBNP ≥210.5 pg/ml,Patient has: NT-proBNP ≥210.5 pg/ml,47,47.0,4.5,4.0,4.5,Test finding,False,False,True,False,False,LR+,LR > 1,Strong Positive,,,accepted_workbook_value,
lr_0303,304,he Diagnosis of Cardiac Syncope,12,he Diagnosis of Cardiac Syncope,Cardiac Syncope,Patient has: NT-proBNP >1966 pg/ml,Patient has: NT-proBNP >1966 pg/ml,5.8,5.8,4.5,11.0,8.0,Test finding,False,False,True,False,False,LR+,LR > 1,Moderate Positive,,,accepted_workbook_value,
lr_0304,305,he Diagnosis of Cardiac Syncope,13,he Diagnosis of Cardiac Syncope,Cardiac Syncope,Patient has: BNP >302 pg/mL,Patient has: BNP >302 pg/mL,6.3,6.3,7.5,8.0,7.7,Test finding,False,False,True,False,False,LR+,LR > 1,Moderate Positive,,,accepted_workbook_value,
lr_0305,306,he Diagnosis of Cardiac Syncope,14,he Diagnosis of Cardiac Syncope,Cardiac Syncope,"Patient has: known Heart disease, abnormal ECG, or both","Patient has: known Heart disease, abnormal ECG, or both",2.3,2.3,6.0,7.0,3.0,History AND test finding,False,True,True,False,False,LR+,LR > 1,Weak Positive,,,accepted_workbook_value,
lr_0306,307,he Diagnosis of Cardiac Syncope,15,he Diagnosis of Cardiac Syncope,Cardiac Syncope,Patient has: EGSYS Score 3 or more,Patient has: EGSYS Score 3 or more,2.8 to 3.3,3.039736830714133,7.5,2.5,3.0,History AND test finding,False,True,True,False,False,LR+,LR > 1,Weak Positive,,,accepted_workbook_value,
lr_0307,308,he Diagnosis of Cardiac Syncope,16,he Diagnosis of Cardiac Syncope,Cardiac Syncope,Patient has: Vasovagal Score less than -2,Patient has: Vasovagal Score less than -2,1.7 to 8.6,3.823610858861032,0.3,0.15,8.3,Diagnosis,False,False,False,False,True,LR+,LR > 1,Weak Positive,,,accepted_workbook_value,
lr_0308,309,he Diagnosis of Cardiac Syncope,17,he Diagnosis of Cardiac Syncope,Cardiac Syncope,Patient does not have: Age at first syncopal episode 35 years or younger,Patient does not have: Age at first syncopal episode 35 years or younger,0.13,0.13,0.6,1.8,1.6,History,False,True,False,False,False,LR−,LR < 1,Moderate Negative,,,accepted_workbook_value,
lr_0309,310,he Diagnosis of Cardiac Syncope,18,he Diagnosis of Cardiac Syncope,Cardiac Syncope,Patient does not have: Normal cardiac troponin T or I,Patient does not have: Normal cardiac troponin T or I,0.15 to 0.39,0.2418677324489565,0.25,4.2,2.5,Test finding,False,False,True,False,False,LR−,LR < 1,Weak Negative,,,accepted_workbook_value,
lr_0310,311,he Diagnosis of Cardiac Syncope,19,he Diagnosis of Cardiac Syncope,Cardiac Syncope,Patient does not have: Normal BNP level,Patient does not have: Normal BNP level,0.16 to 0.21,0.1833030277982336,3.5,4.0,4.2,Test finding,False,False,True,False,False,LR−,LR < 1,Moderate Negative,,,accepted_workbook_value,
lr_0311,312,he Diagnosis of Cardiac Syncope,20,he Diagnosis of Cardiac Syncope,Cardiac Syncope,"Patient does not have: Absence of known heart disease, abnormal ECG or both","Patient does not have: Absence of known heart disease, abnormal ECG or both",0.20,0.2,2.5,3.5,1.6,History AND test finding,False,True,True,False,False,LR−,LR < 1,Moderate Negative,,,accepted_workbook_value,
lr_0312,313,he Diagnosis of Cardiac Syncope,21,he Diagnosis of Cardiac Syncope,Cardiac Syncope,Patient does not have: EGSYS Score less than 3,Patient does not have: EGSYS Score less than 3,0.12 to 0.17,0.142828568570857,0.25,3.0,3.0,History AND test finding,False,True,True,False,False,LR−,LR < 1,Moderate Negative,,,accepted_workbook_value,
lr_0313,314,he Diagnosis of Cardiac Syncope,22,he Diagnosis of Cardiac Syncope,Cardiac Syncope,Patient does not have: Vasovagal score -2 or more,Patient does not have: Vasovagal score -2 or more,0.10 to 0.84,0.2898275349237888,0.33,8.0,8.0,Diagnosis,False,False,False,False,True,LR−,LR < 1,Weak Negative,,,accepted_workbook_value,
lr_0314,315, Elevated Intracranial Pressure,3, Elevated Intracranial Pressure,Elevated Intracranial Pressure,Patient has: Pupillary dilation,Patient has: Pupillary dilation,2,2.0,4.5,8.0,2.5,Sign/symptom,True,False,False,False,False,LR+,LR > 1,Weak Positive,,,accepted_workbook_value,
lr_0315,316, Elevated Intracranial Pressure,4, Elevated Intracranial Pressure,Elevated Intracranial Pressure,Patient has: Compression or absence of the basal cisterns on CT,Patient has: Compression or absence of the basal cisterns on CT,2.2,2.2,15.0,4.0,12.0,Imaging finding,False,False,False,True,False,LR+,LR > 1,Weak Positive,,,accepted_workbook_value,
lr_0316,317, Elevated Intracranial Pressure,5, Elevated Intracranial Pressure,Elevated Intracranial Pressure,Patient has: Midline shift >10 mm on CT,Patient has: Midline shift >10 mm on CT,1.92,1.92,15.0,8.0,12.0,Imaging finding,False,False,False,True,False,LR+,LR > 1,Negligible,,,accepted_workbook_value,
lr_0317,318, Elevated Intracranial Pressure,6, Elevated Intracranial Pressure,Elevated Intracranial Pressure,Patient does not have: Pupillary dilation,Patient does not have: Pupillary dilation,0.89,0.89,0.67,0.74,0.9,Sign/symptom,True,False,False,False,False,LR−,LR < 1,Negligible,,,accepted_workbook_value,
lr_0318,319, Elevated Intracranial Pressure,7, Elevated Intracranial Pressure,Elevated Intracranial Pressure,Patient does not have: Compression or absence of the basal cisterns on CT,Patient does not have: Compression or absence of the basal cisterns on CT,0.23,0.23,0.25,0.25,0.6,Imaging finding,False,False,False,True,False,LR−,LR < 1,Weak Negative,,,accepted_workbook_value,
lr_0319,320, Elevated Intracranial Pressure,8, Elevated Intracranial Pressure,Elevated Intracranial Pressure,Patient does not have: Midline shift >10 mm on CT,Patient does not have: Midline shift >10 mm on CT,0.89,0.89,0.4,0.5,0.9,Imaging finding,False,False,False,True,False,LR−,LR < 1,Negligible,,,accepted_workbook_value,
lr_0320,321,in Penetrating Extremity Trauma,3,in Penetrating Extremity Trauma,Arterial Injury in Penetrating Extremity Trauma,Patient does not have: an abnormal Ankle-brachial index,Patient does not have: an abnormal Ankle-brachial index,0.59 (95% CI = 0.49 to 0.72),0.59,0.25,0.05,0.05,Testing finding,False,False,True,False,False,LR−,LR < 1,Negligible,,,accepted_workbook_value,
lr_0321,322,in Penetrating Extremity Trauma,4,in Penetrating Extremity Trauma,Arterial Injury in Penetrating Extremity Trauma,Patient does not have: either an abnormal exam or an abnormal Ankle-brachial index,Patient does not have: either an abnormal exam or an abnormal Ankle-brachial index,0.01 (95% CI = 0.0 to 0.1),0.01,0.02,0.06,0.03,Testing finding,False,False,True,False,False,LR−,LR < 1,Strong Negative,,,accepted_workbook_value,
lr_0322,323,trasound for Retinal Detachment,3,trasound for Retinal Detachment,Retinal Detachment,Patient has: Retinal detachment diagnosis based on Ultrasound,Patient has: Retinal detachment diagnosis based on Ultrasound,25,25.0,50.0,14.0,25.0,Diagnosis,False,False,False,False,True,LR+,LR > 1,Strong Positive,,,accepted_workbook_value,
lr_0323,324,trasound for Retinal Detachment,4,trasound for Retinal Detachment,Retinal Detachment,Patient does not have: Retinal detachment diagnosis based on Ultrasound,Patient does not have: Retinal detachment diagnosis based on Ultrasound,0.06,0.06,0.02,0.05,0.05,Diagnosis,False,False,False,False,True,LR−,LR < 1,Strong Negative,,,accepted_workbook_value,
lr_0324,325,esting for Giant Cell Arteritis,3,esting for Giant Cell Arteritis,Giant Cell Arteritis,Patient has: Limb claudication,Patient has: Limb claudication,6,6.0,2.5,8.0,3.0,Sign/symptoms,True,False,False,False,False,LR+,LR > 1,Moderate Positive,,,accepted_workbook_value,
lr_0325,326,esting for Giant Cell Arteritis,4,esting for Giant Cell Arteritis,Giant Cell Arteritis,Patient has: Jaw claudication,Patient has: Jaw claudication,4.9,4.9,4.2,4.3,4.2,Sign/symptoms,True,False,False,False,False,LR+,LR > 1,Weak Positive,,,accepted_workbook_value,
lr_0326,327,esting for Giant Cell Arteritis,5,esting for Giant Cell Arteritis,Giant Cell Arteritis,Patient has: Temporal artery thickening,Patient has: Temporal artery thickening,4.7,4.7,4.2,4.3,3.8,Sign/symptoms,True,False,False,False,False,LR+,LR > 1,Weak Positive,,,accepted_workbook_value,
lr_0327,328,esting for Giant Cell Arteritis,6,esting for Giant Cell Arteritis,Giant Cell Arteritis,Patient has: Temporal artery loss of pulse,Patient has: Temporal artery loss of pulse,3.3,3.3,4.5,5.0,4.3,Sign/symptoms,True,False,False,False,False,LR+,LR > 1,Weak Positive,,,accepted_workbook_value,
lr_0328,329,esting for Giant Cell Arteritis,7,esting for Giant Cell Arteritis,Giant Cell Arteritis,Patient has: Platelet count >400 × 103/μL,Patient has: Platelet count >400 × 103/μL,3.8,3.8,2.5,5.4,3.4,Testing finding,False,False,True,False,False,LR+,LR > 1,Weak Positive,,,accepted_workbook_value,
lr_0329,330,esting for Giant Cell Arteritis,8,esting for Giant Cell Arteritis,Giant Cell Arteritis,Patient has: Temporal tenderness,Patient has: Temporal tenderness,3.1,3.1,4.2,3.3,2.6,Sign/symptoms,True,False,False,False,False,LR+,LR > 1,Weak Positive,,,accepted_workbook_value,
lr_0330,331,esting for Giant Cell Arteritis,9,esting for Giant Cell Arteritis,Giant Cell Arteritis,Patient has: ESR >100 mm/h,Patient has: ESR >100 mm/h,3.1,3.1,10.2,7.0,3.0,Testing finding,False,False,True,False,False,LR+,LR > 1,Weak Positive,,,accepted_workbook_value,
lr_0331,332,esting for Giant Cell Arteritis,10,esting for Giant Cell Arteritis,Giant Cell Arteritis,Patient does has: ESR < 40 mm/h,Patient does has: ESR < 40 mm/h,0.18,0.18,0.25,0.08,0.2,Testing finding,False,False,True,False,False,LR−,LR < 1,Moderate Negative,,,accepted_workbook_value,
lr_0332,333,esting for Giant Cell Arteritis,11,esting for Giant Cell Arteritis,Giant Cell Arteritis,Patient has: C reactive protein < 2.5 mg/dL,Patient has: C reactive protein < 2.5 mg/dL,0.38,0.38,0.2,0.1,0.05,Testing finding,False,False,True,False,False,LR+,LR < 1,Weak Negative,,,accepted_workbook_value,
lr_0333,334,esting for Giant Cell Arteritis,12,esting for Giant Cell Arteritis,Giant Cell Arteritis,Patient  has: Age < 70 years,Patient  has: Age < 70 years,0.48,0.48,0.6,0.4,0.4,History,False,True,False,False,False,LR+,LR < 1,Weak Negative,,,accepted_workbook_value,
lr_0334,335,tion of Small Bowel Obstruction,3,tion of Small Bowel Obstruction,Small Bowel Obstruction,Patient has: Small bowel obstruction diagnosis based on Ultrasound,Patient has: Small bowel obstruction diagnosis based on Ultrasound,27,27.0,50.0,25.0,20.0,Diagnosis,False,False,False,False,True,LR+,LR > 1,Strong Positive,,,accepted_workbook_value,
lr_0335,336,tion of Small Bowel Obstruction,4,tion of Small Bowel Obstruction,Small Bowel Obstruction,Patient does not have: Small bowel obstruction diagnosis based on Ultrasound,Patient does not have: Small bowel obstruction diagnosis based on Ultrasound,0.08,0.08,0.02,0.1,0.13,Diagnosis,False,False,False,False,True,LR−,LR < 1,Strong Negative,,,accepted_workbook_value,
lr_0336,337,f Diagnostic Tests for Syphilis,3,f Diagnostic Tests for Syphilis,Syphilis,Patient has: positive Rapid plasma reagin (RPR),Patient has: positive Rapid plasma reagin (RPR),4.8–7.6,6.039867548216599,15.0,45.0,20.0,Testing finding,False,False,True,False,False,LR+,LR > 1,Moderate Positive,,,accepted_workbook_value,
lr_0337,338,f Diagnostic Tests for Syphilis,4,f Diagnostic Tests for Syphilis,Syphilis,Patient has: positive Fluorescent treponemal antibody-absorption (FTA-ABS),Patient has: positive Fluorescent treponemal antibody-absorption (FTA-ABS),6-99,24.37211521390788,15.0,50.0,30.0,Testing finding,False,False,True,False,False,LR+,LR > 1,Strong Positive,,,accepted_workbook_value,
lr_0338,339,f Diagnostic Tests for Syphilis,5,f Diagnostic Tests for Syphilis,Syphilis,Patient has: positive Treponema pallidum particle agglutination (TP-PA),Patient has: positive Treponema pallidum particle agglutination (TP-PA),99-215,145.8937969894539,100.0,70.0,50.0,Testing finding,False,False,True,False,False,LR+,LR > 1,Strong Positive,,,accepted_workbook_value,
lr_0339,340,f Diagnostic Tests for Syphilis,6,f Diagnostic Tests for Syphilis,Syphilis,Patient does not have: positive RPR,Patient does not have: positive RPR,0.12–0.3,0.1897366596101027,0.1,0.14,0.25,Testing finding,False,False,True,False,False,LR−,LR < 1,Moderate Negative,,,accepted_workbook_value,
lr_0340,341,f Diagnostic Tests for Syphilis,7,f Diagnostic Tests for Syphilis,Syphilis,Patient does not have: positive FTA-ABS,Patient does not have: positive FTA-ABS,0.01–0.25,0.05,0.02,0.05,0.15,Testing finding,False,False,True,False,False,LR−,LR < 1,Strong Negative,,,accepted_workbook_value,
lr_0341,342,f Diagnostic Tests for Syphilis,8,f Diagnostic Tests for Syphilis,Syphilis,Patient does not have: positive TP-PA,Patient does not have: positive TP-PA,0.01–0.14,0.03741657386773942,0.01,0.02,0.05,Testing finding,False,False,True,False,False,LR−,LR < 1,Strong Negative,,,accepted_workbook_value,
lr_0342,343,gnosis of Pneumonia in Children,3,gnosis of Pneumonia in Children,Pneumonia in Children,Patient has: Pneumonia diagnosis based on Ultrasound,Patient has: Pneumonia diagnosis based on Ultrasound,13.4,13.4,15.0,20.0,14.0,Diagnosis,False,False,False,False,True,LR+,LR > 1,Strong Positive,,,accepted_workbook_value,
lr_0343,344,gnosis of Pneumonia in Children,4,gnosis of Pneumonia in Children,Pneumonia in Children,Patient does not have: Pneumonia diagnosis based on Ultrasound,Patient does not have: Pneumonia diagnosis based on Ultrasound,0.07,0.07,0.1,0.05,0.05,Diagnosis,False,False,False,False,True,LR−,LR < 1,Strong Negative,,,accepted_workbook_value,
lr_0344,345,nal Injuries After Blunt Trauma,3,nal Injuries After Blunt Trauma,Thoracoabdominal Injuries After Blunt Trauma,Patient has: Significant thoracic injuries or abdominal free fluid on Ultrasound assessment,Patient has: Significant thoracic injuries or abdominal free fluid on Ultrasound assessment,18.5,18.5,12.0,20.0,3.0,History AND imaging finding,False,True,False,True,False,LR+,LR > 1,Strong Positive,,,accepted_workbook_value,
lr_0345,346,nal Injuries After Blunt Trauma,4,nal Injuries After Blunt Trauma,Thoracoabdominal Injuries After Blunt Trauma,Patient does not have: Significant thoracic injuries or abdominal free fluid on Ultrasound assessment,Patient does not have: Significant thoracic injuries or abdominal free fluid on Ultrasound assessment,0.27,0.27,0.1,0.25,0.3,History AND imaging finding,False,True,False,True,False,LR−,LR < 1,Weak Negative,,,accepted_workbook_value,
lr_0346,347,cute Onset Flashes and Floaters,3,cute Onset Flashes and Floaters,Retinal Pathology in Patients with Acute Onset Flashes and Floaters,Patient has: Symptoms: Visual reduction,Patient has: Symptoms: Visual reduction,5,5.0,2.5,2.3,2.3,Sign/symptom,True,False,False,False,False,LR+,LR > 1,Moderate Positive,,,accepted_workbook_value,
lr_0347,348,cute Onset Flashes and Floaters,4,cute Onset Flashes and Floaters,Retinal Pathology in Patients with Acute Onset Flashes and Floaters,Patient has: Symptoms: >10 new floaters,Patient has: Symptoms: >10 new floaters,8,8.0,3.5,3.0,2.7,Sign/symptom,True,False,False,False,False,LR+,LR > 1,Moderate Positive,,,accepted_workbook_value,
lr_0348,349,cute Onset Flashes and Floaters,5,cute Onset Flashes and Floaters,Retinal Pathology in Patients with Acute Onset Flashes and Floaters,Patient has: Signs: Vitreous hemorrhage,Patient has: Signs: Vitreous hemorrhage,10,10.0,3.5,7.0,10.0,Sign/symptom,True,False,False,False,False,LR+,LR > 1,Strong Positive,,,accepted_workbook_value,
lr_0349,350,cute Onset Flashes and Floaters,6,cute Onset Flashes and Floaters,Retinal Pathology in Patients with Acute Onset Flashes and Floaters,Patient has: Signs: Vitreous pigment,Patient has: Signs: Vitreous pigment,44,44.0,15.0,20.0,28.0,Sign/symptom,True,False,False,False,False,LR+,LR > 1,Strong Positive,,,accepted_workbook_value,
lr_0350,351,cute Onset Flashes and Floaters,7,cute Onset Flashes and Floaters,Retinal Pathology in Patients with Acute Onset Flashes and Floaters,Patient does not have: Signs: Vitreous pigment,Patient does not have: Signs: Vitreous pigment,0.23,0.23,0.2,0.6,0.7,Sign/symptom,True,False,False,False,False,LR−,LR < 1,Weak Negative,,,accepted_workbook_value,
lr_0351,352,Hypovolemia,3,Hypovolemia,Hypovolemia,Patient has: delayed Capillary refill time,Patient has: delayed Capillary refill time,6.9×,6.9,3.5,2.3,4.0,Sign/symptom,True,False,False,False,False,LR+,LR > 1,Moderate Positive,,,accepted_workbook_value,
lr_0352,353,Hypovolemia,4,Hypovolemia,Hypovolemia,Patient has: Sunken eyes,Patient has: Sunken eyes,3.4×,3.4,3.5,3.0,2.3,Sign/symptom,True,False,False,False,False,LR+,LR > 1,Weak Positive,,,accepted_workbook_value,
lr_0353,354,Hypovolemia,5,Hypovolemia,Hypovolemia,Patient has: Speech not clear or expressive,Patient has: Speech not clear or expressive,3.1×,3.1,0.8,0.8,0.4,Sign/symptom,True,False,False,False,False,LR+,LR > 1,Weak Positive,,,accepted_workbook_value,
lr_0354,355,Hypovolemia,6,Hypovolemia,Hypovolemia,Patient has: Dry axilla,Patient has: Dry axilla,2.8×,2.8,2.5,3.0,2.8,Sign/symptom,True,False,False,False,False,LR+,LR > 1,Weak Positive,,,accepted_workbook_value,
lr_0355,356,Hypovolemia,7,Hypovolemia,Hypovolemia,Patient has: Upper or Lower extremity weakness,Patient has: Upper or Lower extremity weakness,2.3×,2.3,0.9,1.1,0.4,Sign/symptom,True,False,False,False,False,LR+,LR > 1,Weak Positive,,,accepted_workbook_value,
lr_0356,357,Hypovolemia,8,Hypovolemia,Hypovolemia,Patient has: Dry tongue,Patient has: Dry tongue,2.1×,2.1,2.5,3.5,2.0,Sign/symptom,True,False,False,False,False,LR+,LR > 1,Weak Positive,,,accepted_workbook_value,
lr_0357,358,Hypovolemia,9,Hypovolemia,Hypovolemia,Patient has: Confusion,Patient has: Confusion,2.1×,2.1,1.8,2.5,1.3,Sign/symptom,True,False,False,False,False,LR+,LR > 1,Weak Positive,,,accepted_workbook_value,
lr_0358,359,Hypovolemia,10,Hypovolemia,Hypovolemia,Patient has: Dry mouth and nose mucus membranes,Patient has: Dry mouth and nose mucus membranes,2.0×,2.0,3.5,2.5,2.3,Sign/symptom,True,False,False,False,False,LR+,LR > 1,Weak Positive,,,accepted_workbook_value,
lr_0359,360,Hypovolemia,11,Hypovolemia,Hypovolemia,Patient has: Tongue longitutinal furrows,Patient has: Tongue longitutinal furrows,2.0×,2.0,3.0,3.2,3.0,Sign/symptom,True,False,False,False,False,LR+,LR > 1,Weak Positive,,,accepted_workbook_value,
lr_0360,361,Hypovolemia,12,Hypovolemia,Hypovolemia,Patient has: Postural Pulse change > 30bpm,Patient has: Postural Pulse change > 30bpm,1.7×,1.7,4.0,4.5,3.0,Sign/symptom,True,False,False,False,False,LR+,LR > 1,Negligible,,,accepted_workbook_value,
lr_0361,362,Hypovolemia,13,Hypovolemia,Hypovolemia,Patient has: Postural hypotension (SBP decr. > 20 mmHg),Patient has: Postural hypotension (SBP decr. > 20 mmHg),1.5×,1.5,6.5,3.0,3.0,Sign/symptom,True,False,False,False,False,LR+,LR > 1,Negligible,,,accepted_workbook_value,
lr_0362,363,Hypovolemia,14,Hypovolemia,Hypovolemia,Patient does not have: Dry mouth and nose mucus membranes,Patient does not have: Dry mouth and nose mucus membranes,0.3×,0.3,0.4,0.4,0.6,Sign/symptom,True,False,False,False,False,LR−,LR < 1,Weak Negative,,,accepted_workbook_value,
lr_0363,364,Hypovolemia,15,Hypovolemia,Hypovolemia,Patient does not have: Tongue longitutinal furrows,Patient does not have: Tongue longitutinal furrows,0.3×,0.3,0.6,0.4,0.44,Sign/symptom,True,False,False,False,False,LR−,LR < 1,Weak Negative,,,accepted_workbook_value,
lr_0364,365,Hypovolemia,16,Hypovolemia,Hypovolemia,Patient does not have: Sunken eyes,Patient does not have: Sunken eyes,0.5×,0.5,0.5,0.4,0.7,Sign/symptom,True,False,False,False,False,LR−,LR < 1,Negligible,,,accepted_workbook_value,
lr_0365,366,Hypovolemia,17,Hypovolemia,Hypovolemia,Patient does not have: Speech not clear or expressive,Patient does not have: Speech not clear or expressive,0.5×,0.5,0.7,1.0,1.0,Sign/symptom,True,False,False,False,False,LR−,LR < 1,Negligible,,,accepted_workbook_value,
lr_0366,367,Hypovolemia,18,Hypovolemia,Hypovolemia,Patient does not have: Dry tongue,Patient does not have: Dry tongue,0.6×,0.6,0.4,0.5,0.7,Sign/symptom,True,False,False,False,False,LR−,LR < 1,Negligible,,,accepted_workbook_value,
lr_0367,368,Hypovolemia,19,Hypovolemia,Hypovolemia,Patient does not have: Dry axilla,Patient does not have: Dry axilla,0.6×,0.6,0.3,0.6,0.44,Sign/symptom,True,False,False,False,False,LR−,LR < 1,Negligible,,,accepted_workbook_value,
lr_0368,369,Hypovolemia,20,Hypovolemia,Hypovolemia,Patient does not have: Confusion,Patient does not have: Confusion,0.6×,0.6,0.7,0.9,0.9,Sign/symptom,True,False,False,False,False,LR−,LR < 1,Negligible,,,accepted_workbook_value,
lr_0369,370,Hypovolemia,21,Hypovolemia,Hypovolemia,Patient does not have: delayed Capillary refill time,Patient does not have: delayed Capillary refill time,0.7×,0.7,0.4,0.5,0.6,Sign/symptom,True,False,False,False,False,LR−,LR < 1,Negligible,,,accepted_workbook_value,
lr_0370,371,Hypovolemia,22,Hypovolemia,Hypovolemia,Patient does not have: Upper or Lower extremity weakness,Patient does not have: Upper or Lower extremity weakness,0.7×,0.7,1.0,1.1,1.0,Sign/symptom,True,False,False,False,False,LR−,LR < 1,Negligible,,,accepted_workbook_value,
lr_0371,372,Hypovolemia,23,Hypovolemia,Hypovolemia,Patient does not have: Postural Pulse change > 30bpm,Patient does not have: Postural Pulse change > 30bpm,0.8×,0.8,0.25,0.9,0.7,Sign/symptom,True,False,False,False,False,LR−,LR < 1,Negligible,,,accepted_workbook_value,
lr_0372,373,Hypovolemia,24,Hypovolemia,Hypovolemia,Patient does not have: Postural hypotension (SBP decr. > 20 mmHg),Patient does not have: Postural hypotension (SBP decr. > 20 mmHg),0.9×,0.9,0.3,0.6,0.78,Sign/symptom,True,False,False,False,False,LR−,LR < 1,Negligible,,,accepted_workbook_value,
lr_0373,374,Malaria in Returning Travelers,3,Malaria in Returning Travelers,Malaria in Returning Travelers,Patient has: Hyperbilirubinemia,Patient has: Hyperbilirubinemia,7.3×,7.3,2.5,3.5,3.0,Testing finding,False,False,True,False,False,LR+,LR > 1,Moderate Positive,,,accepted_workbook_value,
lr_0374,375,Malaria in Returning Travelers,4,Malaria in Returning Travelers,Malaria in Returning Travelers,Patient has: Splenomegaly,Patient has: Splenomegaly,6.5×,6.5,4.5,6.0,2.8,Sign/symptom,True,False,False,False,False,LR+,LR > 1,Moderate Positive,,,accepted_workbook_value,
lr_0375,376,Malaria in Returning Travelers,5,Malaria in Returning Travelers,Malaria in Returning Travelers,Patient has: Thrombocytopenia,Patient has: Thrombocytopenia,5.6×,5.6,5.0,5.0,6.0,Testing finding,False,False,True,False,False,LR+,LR > 1,Moderate Positive,,,accepted_workbook_value,
lr_0376,377,Malaria in Returning Travelers,6,Malaria in Returning Travelers,Malaria in Returning Travelers,Patient has: Fever,Patient has: Fever,5.1×,5.1,6.5,3.0,2.0,Sign/symptom,True,False,False,False,False,LR+,LR > 1,Moderate Positive,,,accepted_workbook_value,
lr_0377,378,Malaria in Returning Travelers,7,Malaria in Returning Travelers,Malaria in Returning Travelers,Patient has: Jaundice/icterus,Patient has: Jaundice/icterus,4.5×,4.5,3.5,5.0,6.0,Sign/symptom,True,False,False,False,False,LR+,LR > 1,Weak Positive,,,accepted_workbook_value,
lr_0378,379,Malaria in Returning Travelers,8,Malaria in Returning Travelers,Malaria in Returning Travelers,Patient has: Pallor,Patient has: Pallor,2.8×,2.8,1.5,3.5,1.3,Sign/symptom,True,False,False,False,False,LR+,LR > 1,Weak Positive,,,accepted_workbook_value,
lr_0379,380,Malaria in Returning Travelers,9,Malaria in Returning Travelers,Malaria in Returning Travelers,Patient has: Hepatomegaly,Patient has: Hepatomegaly,2.4×,2.4,2.5,3.0,1.6,Sign/symptom,True,False,False,False,False,LR+,LR > 1,Weak Positive,,,accepted_workbook_value,
lr_0380,381,Malaria in Returning Travelers,10,Malaria in Returning Travelers,Malaria in Returning Travelers,Patient has: Vomiting,Patient has: Vomiting,2.0×,2.0,1.8,1.3,1.3,Sign/symptom,True,False,False,False,False,LR+,LR > 1,Weak Positive,,,accepted_workbook_value,
lr_0381,382,Malaria in Returning Travelers,11,Malaria in Returning Travelers,Malaria in Returning Travelers,Patient has: Headache,Patient has: Headache,1.8×,1.8,2.5,1.6,1.2,Sign/symptom,True,False,False,False,False,LR+,LR > 1,Negligible,,,accepted_workbook_value,
lr_0382,383,Malaria in Returning Travelers,12,Malaria in Returning Travelers,Malaria in Returning Travelers,Patient has: Chills/rigors,Patient has: Chills/rigors,1.7×,1.7,6.5,3.0,2.5,Sign/symptom,True,False,False,False,False,LR+,LR > 1,Negligible,,,accepted_workbook_value,
lr_0383,384,Malaria in Returning Travelers,13,Malaria in Returning Travelers,Malaria in Returning Travelers,Patient has: Nausea,Patient has: Nausea,1.3×,1.3,1.2,1.5,1.2,Sign/symptom,True,False,False,False,False,LR+,LR > 1,Negligible,,,accepted_workbook_value,
lr_0384,385,Malaria in Returning Travelers,14,Malaria in Returning Travelers,Malaria in Returning Travelers,Patient has: Diarrhea,Patient has: Diarrhea,0.6×,0.6,0.8,0.6,0.3,Sign/symptom,True,False,False,False,False,LR+,LR < 1,Negligible,,,accepted_workbook_value,
lr_0385,386,Malaria in Returning Travelers,15,Malaria in Returning Travelers,Malaria in Returning Travelers,Patient has: Dyspnea,Patient has: Dyspnea,0.11×,0.11,1.2,0.5,0.4,Sign/symptom,True,False,False,False,False,LR+,LR < 1,Moderate Negative,,,accepted_workbook_value,
lr_0386,387,Malaria in Returning Travelers,16,Malaria in Returning Travelers,Malaria in Returning Travelers,Patient has: Cough,Patient has: Cough,0.04×,0.04,0.8,0.3,0.4,Sign/symptom,True,False,False,False,False,LR+,LR < 1,Strong Negative,,,accepted_workbook_value,
lr_0387,388,Malaria in Returning Travelers,17,Malaria in Returning Travelers,Malaria in Returning Travelers,Patient does not have: Fever,Patient does not have: Fever,0.12×,0.12,0.1,0.2,0.05,Sign/symptom,True,False,False,False,False,LR−,LR < 1,Moderate Negative,,,accepted_workbook_value,
lr_0388,389,Malaria in Returning Travelers,18,Malaria in Returning Travelers,Malaria in Returning Travelers,Patient does not have: Thrombocytopenia,Patient does not have: Thrombocytopenia,0.32×,0.32,0.3,0.22,0.3,Testing finding,False,False,True,False,False,LR−,LR < 1,Weak Negative,,,accepted_workbook_value,
lr_0389,390,Malaria in Returning Travelers,19,Malaria in Returning Travelers,Malaria in Returning Travelers,Patient does not have: Headache,Patient does not have: Headache,0.40×,0.4,0.3,0.5,0.7,Sign/symptom,True,False,False,False,False,LR−,LR < 1,Weak Negative,,,accepted_workbook_value,
lr_0390,391,Malaria in Returning Travelers,20,Malaria in Returning Travelers,Malaria in Returning Travelers,Patient does not have: Chills/rigors,Patient does not have: Chills/rigors,0.47×,0.47,0.3,0.33,0.5,Sign/symptom,True,False,False,False,False,LR−,LR < 1,Weak Negative,,,accepted_workbook_value,
lr_0391,392,Malaria in Returning Travelers,21,Malaria in Returning Travelers,Malaria in Returning Travelers,Patient does not have: Hyperbilirubinemia,Patient does not have: Hyperbilirubinemia,0.65×,0.65,0.6,0.75,0.7,Testing finding,False,False,True,False,False,LR−,LR < 1,Negligible,,,accepted_workbook_value,
lr_0392,393,Malaria in Returning Travelers,22,Malaria in Returning Travelers,Malaria in Returning Travelers,Patient does not have: Splenomegaly,Patient does not have: Splenomegaly,0.79×,0.79,0.3,0.6,0.7,Sign/symptom,True,False,False,False,False,LR−,LR < 1,Negligible,,,accepted_workbook_value,
lr_0393,394,Malaria in Returning Travelers,23,Malaria in Returning Travelers,Malaria in Returning Travelers,Patient does not have: Pallor,Patient does not have: Pallor,0.80×,0.8,0.7,0.78,0.95,Sign/symptom,True,False,False,False,False,LR−,LR < 1,Negligible,,,accepted_workbook_value,
lr_0394,395,Malaria in Returning Travelers,24,Malaria in Returning Travelers,Malaria in Returning Travelers,Patient does not have: Vomiting,Patient does not have: Vomiting,0.86×,0.86,0.8,0.7,0.8,Sign/symptom,True,False,False,False,False,LR−,LR < 1,Negligible,,,accepted_workbook_value,
lr_0395,396,Malaria in Returning Travelers,25,Malaria in Returning Travelers,Malaria in Returning Travelers,Patient does not have: Nausea,Patient does not have: Nausea,0.88×,0.88,0.85,0.9,1.0,Sign/symptom,True,False,False,False,False,LR−,LR < 1,Negligible,,,accepted_workbook_value,
lr_0396,397,Malaria in Returning Travelers,26,Malaria in Returning Travelers,Malaria in Returning Travelers,Patient does not have: Jaundice/icterus,Patient does not have: Jaundice/icterus,0.91×,0.91,0.67,0.84,0.9,Sign/symptom,True,False,False,False,False,LR−,LR < 1,Negligible,,,accepted_workbook_value,
lr_0397,398,Malaria in Returning Travelers,27,Malaria in Returning Travelers,Malaria in Returning Travelers,Patient does not have: Hepatomegaly,Patient does not have: Hepatomegaly,0.95×,0.95,0.6,0.8,0.8,Sign/symptom,True,False,False,False,False,LR−,LR < 1,Negligible,,,accepted_workbook_value,
lr_0398,399,Malaria in Returning Travelers,28,Malaria in Returning Travelers,Malaria in Returning Travelers,Patient does not have: Dyspnea,Patient does not have: Dyspnea,1.08×,1.08,0.9,1.3,1.1,Sign/symptom,True,False,False,False,False,LR−,LR > 1,Negligible,,,accepted_workbook_value,
lr_0399,400,Malaria in Returning Travelers,29,Malaria in Returning Travelers,Malaria in Returning Travelers,Patient does not have: Diarrhea,Patient does not have: Diarrhea,1.1×,1.1,0.9,1.7,1.5,Sign/symptom,True,False,False,False,False,LR−,LR > 1,Negligible,,,accepted_workbook_value,
lr_0400,401,Malaria in Returning Travelers,30,Malaria in Returning Travelers,Malaria in Returning Travelers,Patient does not have: Cough,Patient does not have: Cough,1.3×,1.3,0.8,1.6,1.3,Sign/symptom,True,False,False,False,False,LR−,LR > 1,Negligible,,,accepted_workbook_value,
lr_0401,402,eomyelitis in Diabetic Patients,3,eomyelitis in Diabetic Patients,Osteomyelitis in Diabetic Patients,Patient has: Bone Exposure,Patient has: Bone Exposure,9.2×,9.2,6.3,7.0,9.2,Sign/symptom,True,False,False,False,False,LR+,LR > 1,Moderate Positive,,,accepted_workbook_value,
lr_0402,403,eomyelitis in Diabetic Patients,4,eomyelitis in Diabetic Patients,Osteomyelitis in Diabetic Patients,Patient has: Foot Ulcer Area > 2cm²,Patient has: Foot Ulcer Area > 2cm²,7.2×,7.2,6.3,2.1,7.2,Sign/symptom,True,False,False,False,False,LR+,LR > 1,Moderate Positive,,,accepted_workbook_value,
lr_0403,404,eomyelitis in Diabetic Patients,5,eomyelitis in Diabetic Patients,Osteomyelitis in Diabetic Patients,Patient has: Positive probe-to-bone test,Patient has: Positive probe-to-bone test,6.4×,6.4,6.4,4.5,6.4,Testing finding,False,False,True,False,False,LR+,LR > 1,Moderate Positive,,,accepted_workbook_value,
lr_0404,405,eomyelitis in Diabetic Patients,6,eomyelitis in Diabetic Patients,Osteomyelitis in Diabetic Patients,Patient has: Clinical Gestalt suggests osteomyelitis,Patient has: Clinical Gestalt suggests osteomyelitis,5.5×,5.5,2.5,2.5,2.8,Sign/symptom,True,False,False,False,False,LR+,LR > 1,Moderate Positive,,,accepted_workbook_value,
lr_0405,406,eomyelitis in Diabetic Patients,7,eomyelitis in Diabetic Patients,Osteomyelitis in Diabetic Patients,"Patient has: Ulcer inflammation (erythema, swelling, purulence)","Patient has: Ulcer inflammation (erythema, swelling, purulence)",1.5× (0.51-4.7),1.5,2.8,1.3,1.5,Sign/symptom,True,False,False,False,False,LR+,LR > 1,Negligible,,,accepted_workbook_value,
lr_0406,407,eomyelitis in Diabetic Patients,8,eomyelitis in Diabetic Patients,Osteomyelitis in Diabetic Patients,Patient has: ESR > 70 mm/h,Patient has: ESR > 70 mm/h,11×,11.0,11.0,4.5,11.0,Testing finding,False,False,True,False,False,LR+,LR > 1,Strong Positive,,,accepted_workbook_value,
lr_0407,408,eomyelitis in Diabetic Patients,9,eomyelitis in Diabetic Patients,Osteomyelitis in Diabetic Patients,Patient has: Abnormal findings [indicating osteomyelitis] on plain Radiograph,Patient has: Abnormal findings [indicating osteomyelitis] on plain Radiograph,2.3×,2.3,2.9,3.0,2.3,Imaging finding,False,False,False,True,False,LR+,LR > 1,Weak Positive,,,accepted_workbook_value,
lr_0408,409,eomyelitis in Diabetic Patients,10,eomyelitis in Diabetic Patients,Osteomyelitis in Diabetic Patients,Patient does not have: Positive probe-to-bone test,Patient does not have: Positive probe-to-bone test,0.39× (0.20-0.76),0.39,0.25,0.25,0.4,Testing finding,False,False,True,False,False,LR−,LR < 1,Weak Negative,,,accepted_workbook_value,
lr_0409,410,eomyelitis in Diabetic Patients,11,eomyelitis in Diabetic Patients,Osteomyelitis in Diabetic Patients,Patient does not have: Foot Ulcer Area > 2cm²,Patient does not have: Foot Ulcer Area > 2cm²,0.48× (0.31-0.76),0.48,0.3,0.55,0.48,Sign/symptom,True,False,False,False,False,LR−,LR < 1,Weak Negative,,,accepted_workbook_value,
lr_0410,411,eomyelitis in Diabetic Patients,12,eomyelitis in Diabetic Patients,Osteomyelitis in Diabetic Patients,Patient does not have: Clinical Gestalt suggests osteomyelitis,Patient does not have: Clinical Gestalt suggests osteomyelitis,0.54× (0.30-0.97),0.54,0.4,0.3,0.6,Sign/symptom,True,False,False,False,False,LR−,LR < 1,Negligible,,,accepted_workbook_value,
lr_0411,412,eomyelitis in Diabetic Patients,13,eomyelitis in Diabetic Patients,Osteomyelitis in Diabetic Patients,Patient does not have: Bone Exposure,Patient does not have: Bone Exposure,0.70× (0.53-0.92),0.7,0.3,0.6,0.55,Sign/symptom,True,False,False,False,False,LR−,LR < 1,Negligible,,,accepted_workbook_value,
lr_0412,413,eomyelitis in Diabetic Patients,14,eomyelitis in Diabetic Patients,Osteomyelitis in Diabetic Patients,"Patient does not have: Ulcer inflammation (erythema, swelling, purulence)","Patient does not have: Ulcer inflammation (erythema, swelling, purulence)",0.84× (0.56-1.3),0.84,0.3,0.6,0.6,Sign/symptom,True,False,False,False,False,LR−,LR < 1,Negligible,,,accepted_workbook_value,
lr_0413,414,eomyelitis in Diabetic Patients,15,eomyelitis in Diabetic Patients,Osteomyelitis in Diabetic Patients,Patient does not have: ESR > 70 mm/h,Patient does not have: ESR > 70 mm/h,0.34×(0.06-1.9),0.34,0.2,0.2,0.34,Testing finding,False,False,True,False,False,LR−,LR < 1,Weak Negative,,,accepted_workbook_value,
lr_0414,415,eomyelitis in Diabetic Patients,16,eomyelitis in Diabetic Patients,Osteomyelitis in Diabetic Patients,Patient does not have: Abnormal findings [indicating osteomyelitis] on plain Radiograph,Patient does not have: Abnormal findings [indicating osteomyelitis] on plain Radiograph,0.63× (0.51-0.78),0.63,0.5,0.65,0.68,Imaging finding,False,False,False,True,False,LR−,LR < 1,Negligible,,,accepted_workbook_value,
lr_0415,416,eomyelitis in Diabetic Patients,17,eomyelitis in Diabetic Patients,Osteomyelitis in Diabetic Patients,Patient does not have: positive Swab Culture,Patient does not have: positive Swab Culture,1× (0.08-13),1.0,0.4,0.7,0.9,Testing finding,False,False,True,False,False,LR−,LR = 1,Negligible,,,accepted_workbook_value,
lr_0416,417,Pertussis (Whooping Cough),3,Pertussis (Whooping Cough),Pertussis (Whooping Cough),Patient has: Posttussive Emesis,Patient has: Posttussive Emesis,1.8× (1.4-2.2),1.8,3.5,3.0,1.8,Sign/symptom,True,False,False,False,False,LR+,LR > 1,Negligible,,,accepted_workbook_value,
lr_0417,418,Pertussis (Whooping Cough),4,Pertussis (Whooping Cough),Pertussis (Whooping Cough),Patient has: Paroxysmal Cough,Patient has: Paroxysmal Cough,1.1× (1.1-1.2),1.1,16.0,3.0,1.3,Sign/symptom,True,False,False,False,False,LR+,LR > 1,Negligible,,,accepted_workbook_value,
lr_0418,419,Pertussis (Whooping Cough),5,Pertussis (Whooping Cough),Pertussis (Whooping Cough),Patient has: Inspiratory Whoop,Patient has: Inspiratory Whoop,1.9× (1.4-2.6),1.9,16.0,6.0,3.0,Sign/symptom,True,False,False,False,False,LR+,LR > 1,Negligible,,,accepted_workbook_value,
lr_0419,420,Pertussis (Whooping Cough),6,Pertussis (Whooping Cough),Pertussis (Whooping Cough),Patient does not have: Paroxysmal Cough,Patient does not have: Paroxysmal Cough,0.52× (0.27-1.0),0.52,0.2,0.13,0.35,Sign/symptom,True,False,False,False,False,LR−,LR < 1,Negligible,,,accepted_workbook_value,
lr_0420,421,Pertussis (Whooping Cough),7,Pertussis (Whooping Cough),Pertussis (Whooping Cough),Patient does not have: Posttussive emesis,Patient does not have: Posttussive emesis,0.58× (0.44-0.77),0.58,0.3,0.33,0.6,Sign/symptom,True,False,False,False,False,LR−,LR < 1,Negligible,,,accepted_workbook_value,
lr_0421,422,Pertussis (Whooping Cough),8,Pertussis (Whooping Cough),Pertussis (Whooping Cough),Patient does not have: Inspiratory Whoop,Patient does not have: Inspiratory Whoop,0.78× (0.66-0.93),0.78,0.3,0.5,0.7,Sign/symptom,True,False,False,False,False,LR−,LR < 1,Negligible,,,accepted_workbook_value,
lr_0422,423,Streptococal Pharyngitis,3,Streptococal Pharyngitis,Streptococal Pharyngitis,Patient has: Strep exposure in the past 2 weeks,Patient has: Strep exposure in the past 2 weeks,1.9× (1.3-2.8),1.9,2.5,3.0,2.0,History,False,True,False,False,False,LR+,LR > 1,Negligible,,,accepted_workbook_value,
lr_0423,424,Streptococal Pharyngitis,4,Streptococal Pharyngitis,Streptococal Pharyngitis,Patient has: Myalgias,Patient has: Myalgias,1.4× (1.1-1.7),1.4,1.2,0.4,0.6,Sign/symptom,True,False,False,False,False,LR+,LR > 1,Negligible,,,accepted_workbook_value,
lr_0424,425,Streptococal Pharyngitis,5,Streptococal Pharyngitis,Streptococal Pharyngitis,Patient has: No cough,Patient has: No cough,1.1-1.7,1.367479433117734,1.5,1.3,1.3,Sign/symptom,True,False,False,False,False,LR+,LR > 1,Negligible,,,accepted_workbook_value,
lr_0425,426,Streptococal Pharyngitis,6,Streptococal Pharyngitis,Streptococal Pharyngitis,Patient has: History of sore throat,Patient has: History of sore throat,1.0-1.1,1.048808848170152,1.5,1.2,1.0,History,False,True,False,False,False,LR+,LR > 1,Negligible,,,accepted_workbook_value,
lr_0426,427,Streptococal Pharyngitis,7,Streptococal Pharyngitis,Streptococal Pharyngitis,Patient has: Reported fever,Patient has: Reported fever,0.97-2.6,1.588080602488425,2.1,1.5,1.4,History,False,True,False,False,False,LR+,LR > 1,Negligible,,,accepted_workbook_value,
lr_0427,428,Streptococal Pharyngitis,8,Streptococal Pharyngitis,Streptococal Pharyngitis,Patient has: Headache,Patient has: Headache,0.81-2.6,1.451206394693739,1.2,1.2,1.3,Sign/symptom,True,False,False,False,False,LR+,LR > 1,Negligible,,,accepted_workbook_value,
lr_0428,429,Streptococal Pharyngitis,9,Streptococal Pharyngitis,Streptococal Pharyngitis,Patient has: Nausea,Patient has: Nausea,0.76-3.1,1.534926708347992,1.2,1.3,1.6,Sign/symptom,True,False,False,False,False,LR+,LR > 1,Negligible,,,accepted_workbook_value,
lr_0429,430,Streptococal Pharyngitis,10,Streptococal Pharyngitis,Streptococal Pharyngitis,Patient has: Duration <3d,Patient has: Duration <3d,0.72-3.5,1.587450786638754,0.8,1.3,1.4,Sign/symptom,True,False,False,False,False,LR+,LR > 1,Negligible,,,accepted_workbook_value,
lr_0430,431,Streptococal Pharyngitis,11,Streptococal Pharyngitis,Streptococal Pharyngitis,Patient has: Tonsillar exudates,Patient has: Tonsillar exudates,3.4×,3.4,3.4,2.5,3.4,Sign/symptom,True,False,False,False,False,LR+,LR > 1,Weak Positive,,,accepted_workbook_value,
lr_0431,432,Streptococal Pharyngitis,12,Streptococal Pharyngitis,Streptococal Pharyngitis,Patient has: Pharyngeal exudates,Patient has: Pharyngeal exudates,2.1×,2.1,2.1,3.4,2.3,Sign/symptom,True,False,False,False,False,LR+,LR > 1,Weak Positive,,,accepted_workbook_value,
lr_0432,433,Streptococal Pharyngitis,13,Streptococal Pharyngitis,Streptococal Pharyngitis,Patient has: Tonsillar or pharyngeal exudates,Patient has: Tonsillar or pharyngeal exudates,1.8× (1.5-2.3),1.8,3.4,2.0,2.3,Sign/symptom,True,False,False,False,False,LR+,LR > 1,Negligible,,,accepted_workbook_value,
lr_0433,434,Streptococal Pharyngitis,14,Streptococal Pharyngitis,Streptococal Pharyngitis,Patient has: Any Exudates,Patient has: Any Exudates,1.5-2.6,1.97484176581315,2.1,3.4,2.3,Sign/symptom,True,False,False,False,False,LR+,LR > 1,Negligible,,,accepted_workbook_value,
lr_0434,435,Streptococal Pharyngitis,15,Streptococal Pharyngitis,Streptococal Pharyngitis,Patient has: Tonsillar swelling/enlargement,Patient has: Tonsillar swelling/enlargement,1.4-3.1,2.083266665599966,3.5,2.5,1.3,Sign/symptom,True,False,False,False,False,LR+,LR > 1,Weak Positive,,,accepted_workbook_value,
lr_0435,436,Streptococal Pharyngitis,16,Streptococal Pharyngitis,Streptococal Pharyngitis,Patient has: Palatine petechiae,Patient has: Palatine petechiae,1.4× (0.48-3.1),1.4,2.8,4.5,5.6,Sign/symptom,True,False,False,False,False,LR+,LR > 1,Negligible,,,accepted_workbook_value,
lr_0436,437,Streptococal Pharyngitis,17,Streptococal Pharyngitis,Streptococal Pharyngitis,Patient has: Ant. Cervical lymph node tenderness,Patient has: Ant. Cervical lymph node tenderness,1.2-1.9,1.50996688705415,2.6,2.5,1.6,Sign/symptom,True,False,False,False,False,LR+,LR > 1,Negligible,,,accepted_workbook_value,
lr_0437,438,Streptococal Pharyngitis,18,Streptococal Pharyngitis,Streptococal Pharyngitis,Patient has: Measured temp >37.8 C,Patient has: Measured temp >37.8 C,1.1-3.0,1.816590212458495,2.5,2.0,1.6,Sign/symptom,True,False,False,False,False,LR+,LR > 1,Negligible,,,accepted_workbook_value,
lr_0438,439,Streptococal Pharyngitis,19,Streptococal Pharyngitis,Streptococal Pharyngitis,Patient has: Male sex,Patient has: Male sex,0.87× (0.72-1.05),0.87,1.0,1.0,1.1,History,False,True,False,False,False,LR+,LR < 1,Negligible,,,accepted_workbook_value,
lr_0439,440,Streptococal Pharyngitis,20,Streptococal Pharyngitis,Streptococal Pharyngitis,Patient has: No coryza,Patient has: No coryza,0.86-1.6,1.173030263889214,1.5,1.7,1.8,Sign/symptom,True,False,False,False,False,LR+,LR > 1,Negligible,,,accepted_workbook_value,
lr_0440,441,Streptococal Pharyngitis,21,Streptococal Pharyngitis,Streptococal Pharyngitis,Patient has: Measured temp >=38.3 °C,Patient has: Measured temp >=38.3 °C,0.68-3.9,1.628496238865783,2.5,1.5,2.0,Sign/symptom,True,False,False,False,False,LR+,LR > 1,Negligible,,,accepted_workbook_value,
lr_0441,442,Streptococal Pharyngitis,22,Streptococal Pharyngitis,Streptococal Pharyngitis,Patient has: Pharynx injected,Patient has: Pharynx injected,0.66-1.63,1.037207790175141,1.8,1.2,1.2,Sign/symptom,True,False,False,False,False,LR+,LR > 1,Negligible,,,accepted_workbook_value,
lr_0442,443,Streptococal Pharyngitis,23,Streptococal Pharyngitis,Streptococal Pharyngitis,Patient has: Ant. Cervical lymph node swollen/enlarged,Patient has: Ant. Cervical lymph node swollen/enlarged,0.47-2.9,1.167475909815701,3.4,2.3,1.6,Sign/symptom,True,False,False,False,False,LR+,LR > 1,Negligible,,,accepted_workbook_value,
lr_0443,444,Streptococal Pharyngitis,24,Streptococal Pharyngitis,Streptococal Pharyngitis,Patient has: Rash,Patient has: Rash,0.06-35,1.449137674618944,1.8,2.0,1.5,Sign/symptom,True,False,False,False,False,LR+,LR > 1,Negligible,,,accepted_workbook_value,
lr_0444,445,Streptococal Pharyngitis,25,Streptococal Pharyngitis,Streptococal Pharyngitis,Patient has: 4 Centor Criteria Points,Patient has: 4 Centor Criteria Points,6.3×,6.3,6.3,8.8,3.4,Sign/symptom,True,False,False,False,False,LR+,LR > 1,Moderate Positive,,,accepted_workbook_value,
lr_0445,446,Streptococal Pharyngitis,26,Streptococal Pharyngitis,Streptococal Pharyngitis,Patient has: 3 Centor Criteria Points,Patient has: 3 Centor Criteria Points,2.1×,2.1,2.1,2.3,2.1,Sign/symptom,True,False,False,False,False,LR+,LR > 1,Weak Positive,,,accepted_workbook_value,
lr_0446,447,Streptococal Pharyngitis,27,Streptococal Pharyngitis,Streptococal Pharyngitis,Patient has: 2 Centor Criteria Points,Patient has: 2 Centor Criteria Points,0.75,0.75,0.81,1.2,1.3,Sign/symptom,True,False,False,False,False,LR+,LR < 1,Negligible,,,accepted_workbook_value,
lr_0447,448,Streptococal Pharyngitis,28,Streptococal Pharyngitis,Streptococal Pharyngitis,Patient has: 0 Centor Criteria Points,Patient has: 0 Centor Criteria Points,0.16,0.16,0.25,0.25,0.24,Sign/symptom,True,False,False,False,False,LR+,LR < 1,Moderate Negative,,,accepted_workbook_value,
lr_0448,449,Streptococal Pharyngitis,29,Streptococal Pharyngitis,Streptococal Pharyngitis,Patient has: 1 Centor Criteria Point,Patient has: 1 Centor Criteria Point,0.3,0.3,0.81,0.6,0.63,Sign/symptom,True,False,False,False,False,LR+,LR < 1,Weak Negative,,,accepted_workbook_value,
lr_0449,450,Streptococal Pharyngitis,30,Streptococal Pharyngitis,Streptococal Pharyngitis,Patient has: Duration >3d,Patient has: Duration >3d,0.15-2.2,0.5744562646538028,0.8,0.6,0.6,Sign/symptom,True,False,False,False,False,LR+,LR < 1,Negligible,,,accepted_workbook_value,
lr_0450,451,Streptococal Pharyngitis,31,Streptococal Pharyngitis,Streptococal Pharyngitis,Patient does not have: Reported fever,Patient does not have: Reported fever,0.32-1.0,0.565685424949238,0.6,0.6,0.7,History,False,True,False,False,False,LR−,LR < 1,Negligible,,,accepted_workbook_value,
lr_0451,452,Streptococal Pharyngitis,32,Streptococal Pharyngitis,Streptococal Pharyngitis,Patient does not have: cough,Patient does not have: cough,0.53-0.89,0.686804193347711,1.5,1.7,1.6,Sign/symptom,True,False,False,False,False,LR−,LR < 1,Negligible,,,accepted_workbook_value,
lr_0452,453,Streptococal Pharyngitis,33,Streptococal Pharyngitis,Streptococal Pharyngitis,Patient does not have: Headache,Patient does not have: Headache,0.55-1.1,0.7778174593052023,0.7,0.8,0.8,Sign/symptom,True,False,False,False,False,LR−,LR < 1,Negligible,,,accepted_workbook_value,
lr_0453,454,Streptococal Pharyngitis,34,Streptococal Pharyngitis,Streptococal Pharyngitis,Patient does not have: History of sore throat,Patient does not have: History of sore throat,0.55-1.2,0.812403840463596,0.2,0.07,0.1,History,False,True,False,False,False,LR−,LR < 1,Negligible,,,accepted_workbook_value,
lr_0454,455,Streptococal Pharyngitis,35,Streptococal Pharyngitis,Streptococal Pharyngitis,Patient does not have: Nausea,Patient does not have: Nausea,0.91× (0.86-0.97),0.91,0.9,0.8,0.9,Sign/symptom,True,False,False,False,False,LR−,LR < 1,Negligible,,,accepted_workbook_value,
lr_0455,456,Streptococal Pharyngitis,36,Streptococal Pharyngitis,Streptococal Pharyngitis,Patient does not have: Strep exposure previous 2 wk,Patient does not have: Strep exposure previous 2 wk,0.92× (0.86-0.99),0.92,0.67,0.85,0.9,History,False,True,False,False,False,LR−,LR < 1,Negligible,,,accepted_workbook_value,
lr_0456,457,Streptococal Pharyngitis,37,Streptococal Pharyngitis,Streptococal Pharyngitis,Patient does not have: Myalgias,Patient does not have: Myalgias,0.93× (0.86-1.0),0.93,0.9,1.6,1.4,Sign/symptom,True,False,False,False,False,LR−,LR < 1,Negligible,,,accepted_workbook_value,
lr_0457,458,Streptococal Pharyngitis,38,Streptococal Pharyngitis,Streptococal Pharyngitis,Patient does not have: Pharynx injected,Patient does not have: Pharynx injected,0.18-6.42,1.074988372030135,0.3,0.4,0.9,Sign/symptom,True,False,False,False,False,LR−,LR > 1,Negligible,,,accepted_workbook_value,
lr_0458,459,Streptococal Pharyngitis,39,Streptococal Pharyngitis,Streptococal Pharyngitis,Patient does not have: Measured temp >37.8 C,Patient does not have: Measured temp >37.8 C,0.27-0.94,0.5037856687123999,0.5,0.6,0.7,Sign/symptom,True,False,False,False,False,LR−,LR < 1,Negligible,,,accepted_workbook_value,
lr_0459,460,Streptococal Pharyngitis,40,Streptococal Pharyngitis,Streptococal Pharyngitis,Patient does not have: coryza,Patient does not have: coryza,0.51-1.4,0.8449852069711044,1.8,1.7,1.4,Sign/symptom,True,False,False,False,False,LR−,LR < 1,Negligible,,,accepted_workbook_value,
lr_0460,461,Streptococal Pharyngitis,41,Streptococal Pharyngitis,Streptococal Pharyngitis,Patient does not have: Measured temp >=38.3 C,Patient does not have: Measured temp >=38.3 C,0.54-1.3,0.8378544026261365,0.67,0.7,0.7,Sign/symptom,True,False,False,False,False,LR−,LR < 1,Negligible,,,accepted_workbook_value,
lr_0461,462,Streptococal Pharyngitis,42,Streptococal Pharyngitis,Streptococal Pharyngitis,Patient does not have: Ant. Cervical lymph node swollen/enlarged,Patient does not have: Ant. Cervical lymph node swollen/enlarged,0.58-0.92,0.730479294709987,0.4,0.5,0.72,Sign/symptom,True,False,False,False,False,LR−,LR < 1,Negligible,,,accepted_workbook_value,
lr_0462,463,Streptococal Pharyngitis,43,Streptococal Pharyngitis,Streptococal Pharyngitis,Patient does not have: Ant. Cervical lymph node tenderness,Patient does not have: Ant. Cervical lymph node tenderness,0.60× (0.49-0.71),0.6,0.4,0.8,0.72,Sign/symptom,True,False,False,False,False,LR−,LR < 1,Negligible,,,accepted_workbook_value,
lr_0463,464,Streptococal Pharyngitis,44,Streptococal Pharyngitis,Streptococal Pharyngitis,Patient does not have: Tonsillar swelling/enlargement,Patient does not have: Tonsillar swelling/enlargement,0.63× (0.56-0.72),0.63,0.4,0.38,0.8,Sign/symptom,True,False,False,False,False,LR−,LR < 1,Negligible,,,accepted_workbook_value,
lr_0464,465,Streptococal Pharyngitis,45,Streptococal Pharyngitis,Streptococal Pharyngitis,Patient does not have: Any Exudates,Patient does not have: Any Exudates,0.66-0.94,0.7876547467006086,0.4,0.38,0.6,Sign/symptom,True,False,False,False,False,LR−,LR < 1,Negligible,,,accepted_workbook_value,
lr_0465,466,Streptococal Pharyngitis,46,Streptococal Pharyngitis,Streptococal Pharyngitis,Patient does not have: Tonsillar exudates,Patient does not have: Tonsillar exudates,0.72× (0.60-0.88),0.72,0.4,0.65,0.64,Sign/symptom,True,False,False,False,False,LR−,LR < 1,Negligible,,,accepted_workbook_value,
lr_0466,467,Streptococal Pharyngitis,47,Streptococal Pharyngitis,Streptococal Pharyngitis,Patient does not have: Tonsillar or pharyngeal exudates,Patient does not have: Tonsillar or pharyngeal exudates,0.74× (0.66-0.82),0.74,0.4,0.6,0.7,Sign/symptom,True,False,False,False,False,LR−,LR < 1,Negligible,,,accepted_workbook_value,
lr_0467,468,Streptococal Pharyngitis,48,Streptococal Pharyngitis,Streptococal Pharyngitis,Patient does not have: Pharyngeal exudates,Patient does not have: Pharyngeal exudates,0.90× (0.75-1.1),0.9,0.4,0.5,0.72,Sign/symptom,True,False,False,False,False,LR−,LR < 1,Negligible,,,accepted_workbook_value,
lr_0468,469,Streptococal Pharyngitis,49,Streptococal Pharyngitis,Streptococal Pharyngitis,Patient does not have: Rash,Patient does not have: Rash,0.90-1.1,0.99498743710662,0.9,0.95,0.95,Sign/symptom,True,False,False,False,False,LR−,LR < 1,Negligible,,,accepted_workbook_value,
lr_0469,470,Streptococal Pharyngitis,50,Streptococal Pharyngitis,Streptococal Pharyngitis,Patient does not have: Palatine petechiae,Patient does not have: Palatine petechiae,0.98× (0.92-1.1),0.98,0.5,0.8,0.85,Sign/symptom,True,False,False,False,False,LR−,LR < 1,Negligible,,,accepted_workbook_value,
lr_0470,471,Streptococal Pharyngitis,51,Streptococal Pharyngitis,Streptococal Pharyngitis,Patient does not have: Male sex,Patient does not have: Male sex,1.1× (0.93-1.2),1.1,0.9,0.95,0.9,History,False,True,False,False,False,LR−,LR > 1,Negligible,,,accepted_workbook_value,
lr_0471,472,Hemorrhagic Stroke,3,Hemorrhagic Stroke,Hemorrhagic etiology in patient who has a Stroke,Patient has: Age <=60y,Patient has: Age <=60y,1.7× (1.4-1.9),1.7,2.5,2.5,2.5,History,False,True,False,False,False,LR+,LR > 1,Negligible,,,accepted_workbook_value,
lr_0472,473,Hemorrhagic Stroke,4,Hemorrhagic Stroke,Hemorrhagic etiology in patient who has a Stroke,Patient has: Alcohol consumption,Patient has: Alcohol consumption,1.6× (1-2.5),1.6,1.3,1.1,1.3,History,False,True,False,False,False,LR+,LR > 1,Negligible,,,accepted_workbook_value,
lr_0473,474,Hemorrhagic Stroke,5,Hemorrhagic Stroke,Hemorrhagic etiology in patient who has a Stroke,Patient has: Male,Patient has: Male,1.2× (1.1-1.3),1.2,1.2,1.1,1.0,History,False,True,False,False,False,LR+,LR > 1,Negligible,,,accepted_workbook_value,
lr_0474,475,Hemorrhagic Stroke,6,Hemorrhagic Stroke,Hemorrhagic etiology in patient who has a Stroke,Patient has: Hypertension,Patient has: Hypertension,1.1× (1.0-1.2),1.1,2.5,1.3,1.2,History,False,True,False,False,False,LR+,LR > 1,Negligible,,,accepted_workbook_value,
lr_0475,476,Hemorrhagic Stroke,7,Hemorrhagic Stroke,Hemorrhagic etiology in patient who has a Stroke,Patient has: Cigarette smoking,Patient has: Cigarette smoking,0.79× (0.45-1.4),0.79,1.2,0.9,0.8,History,False,True,False,False,False,LR+,LR < 1,Negligible,,,accepted_workbook_value,
lr_0476,477,Hemorrhagic Stroke,8,Hemorrhagic Stroke,Hemorrhagic etiology in patient who has a Stroke,Patient has: Diabetes mellitus,Patient has: Diabetes mellitus,0.64× (0.43-0.95),0.64,0.9,0.4,0.5,History,False,True,False,False,False,LR+,LR < 1,Negligible,,,accepted_workbook_value,
lr_0477,478,Hemorrhagic Stroke,9,Hemorrhagic Stroke,Hemorrhagic etiology in patient who has a Stroke,Patient has: Prior stroke,Patient has: Prior stroke,0.59× (0.17-2.0),0.59,0.8,0.4,0.3,History,False,True,False,False,False,LR+,LR < 1,Negligible,,,accepted_workbook_value,
lr_0478,479,Hemorrhagic Stroke,10,Hemorrhagic Stroke,Hemorrhagic etiology in patient who has a Stroke,Patient has: Hyperlipidemia,Patient has: Hyperlipidemia,0.48× (0.2-1.1),0.48,0.8,0.4,0.4,History,False,True,False,False,False,LR+,LR < 1,Weak Negative,,,accepted_workbook_value,
lr_0479,480,Hemorrhagic Stroke,11,Hemorrhagic Stroke,Hemorrhagic etiology in patient who has a Stroke,Patient has: Coronary artery disease,Patient has: Coronary artery disease,0.44× (0.31-0.61),0.44,0.8,0.4,0.4,History,False,True,False,False,False,LR+,LR < 1,Weak Negative,,,accepted_workbook_value,
lr_0480,481,Hemorrhagic Stroke,12,Hemorrhagic Stroke,Hemorrhagic etiology in patient who has a Stroke,Patient has: Atrial fibrillation,Patient has: Atrial fibrillation,0.44× (0.25-0.78),0.44,0.6,0.3,0.4,History,False,True,False,False,False,LR+,LR < 1,Weak Negative,,,accepted_workbook_value,
lr_0481,482,Hemorrhagic Stroke,13,Hemorrhagic Stroke,Hemorrhagic etiology in patient who has a Stroke,Patient has: Peripheral artery disease,Patient has: Peripheral artery disease,0.41× (0.2-0.83),0.41,0.9,0.3,0.4,History,False,True,False,False,False,LR+,LR < 1,Weak Negative,,,accepted_workbook_value,
lr_0482,483,Hemorrhagic Stroke,14,Hemorrhagic Stroke,Hemorrhagic etiology in patient who has a Stroke,Patient has: Prior TIA,Patient has: Prior TIA,0.34× (0.18-0.65),0.34,0.7,0.33,0.4,History,False,True,False,False,False,LR+,LR < 1,Weak Negative,,,accepted_workbook_value,
lr_0483,484,Hemorrhagic Stroke,15,Hemorrhagic Stroke,Hemorrhagic etiology in patient who has a Stroke,Patient has: Seizures w/ neurological deficit,Patient has: Seizures w/ neurological deficit,4.7×,4.7,3.5,4.0,3.0,History,False,True,False,False,False,LR+,LR > 1,Weak Positive,,,accepted_workbook_value,
lr_0484,485,Hemorrhagic Stroke,16,Hemorrhagic Stroke,Hemorrhagic etiology in patient who has a Stroke,Patient has: Vomiting,Patient has: Vomiting,3.0×,3.0,2.5,3.0,2.3,Sign/symptom,True,False,False,False,False,LR+,LR > 1,Weak Positive,,,accepted_workbook_value,
lr_0485,486,Hemorrhagic Stroke,17,Hemorrhagic Stroke,Hemorrhagic etiology in patient who has a Stroke,Patient has: Headache,Patient has: Headache,2.9×,2.9,4.5,2.6,2.7,Sign/symptom,True,False,False,False,False,LR+,LR > 1,Weak Positive,,,accepted_workbook_value,
lr_0486,487,Hemorrhagic Stroke,18,Hemorrhagic Stroke,Hemorrhagic etiology in patient who has a Stroke,Patient has: Loss of consciousness,Patient has: Loss of consciousness,2.6×,2.6,2.5,5.0,4.0,Sign/symptom,True,False,False,False,False,LR+,LR > 1,Weak Positive,,,accepted_workbook_value,
lr_0487,488,Hemorrhagic Stroke,19,Hemorrhagic Stroke,Hemorrhagic etiology in patient who has a Stroke,Patient has: Acute onset deficit,Patient has: Acute onset deficit,0.65 (0.52-0.81),0.65,1.5,1.0,1.0,Sign/symptom,True,False,False,False,False,LR+,LR < 1,Negligible,,,accepted_workbook_value,
lr_0488,489,Hemorrhagic Stroke,20,Hemorrhagic Stroke,Hemorrhagic etiology in patient who has a Stroke,Patient has: Kernig's or Brudzinski's or both,Patient has: Kernig's or Brudzinski's or both,8.2×,8.2,1.8,18.0,4.0,Sign/symptom,True,False,False,False,False,LR+,LR > 1,Moderate Positive,,,accepted_workbook_value,
lr_0489,490,Hemorrhagic Stroke,21,Hemorrhagic Stroke,Hemorrhagic etiology in patient who has a Stroke,Patient has: coma,Patient has: coma,6.2×,6.2,3.5,4.0,6.0,Sign/symptom,True,False,False,False,False,LR+,LR > 1,Moderate Positive,,,accepted_workbook_value,
lr_0490,491,Hemorrhagic Stroke,22,Hemorrhagic Stroke,Hemorrhagic etiology in patient who has a Stroke,Patient has: Neck stiffness,Patient has: Neck stiffness,5.0×,5.0,2.5,8.0,6.0,Sign/symptom,True,False,False,False,False,LR+,LR > 1,Moderate Positive,,,accepted_workbook_value,
lr_0491,492,Hemorrhagic Stroke,23,Hemorrhagic Stroke,Hemorrhagic etiology in patient who has a Stroke,Patient has: Diastolic BP >110 mmHg,Patient has: Diastolic BP >110 mmHg,4.3×,4.3,2.5,4.0,2.3,Sign/symptom,True,False,False,False,False,LR+,LR > 1,Weak Positive,,,accepted_workbook_value,
lr_0492,493,Hemorrhagic Stroke,24,Hemorrhagic Stroke,Hemorrhagic etiology in patient who has a Stroke,Patient has: level of consciousness is drowsy,Patient has: level of consciousness is drowsy,2.0×,2.0,2.5,3.0,3.0,Sign/symptom,True,False,False,False,False,LR+,LR > 1,Weak Positive,,,accepted_workbook_value,
lr_0493,494,Hemorrhagic Stroke,25,Hemorrhagic Stroke,Hemorrhagic etiology in patient who has a Stroke,Patient has: Both extensor plantar response,Patient has: Both extensor plantar response,1.8× (0.99-3.4),1.8,1.2,1.2,1.0,Sign/symptom,True,False,False,False,False,LR+,LR > 1,Negligible,,,accepted_workbook_value,
lr_0494,495,Hemorrhagic Stroke,26,Hemorrhagic Stroke,Hemorrhagic etiology in patient who has a Stroke,Patient has: single extensor Plantar response,Patient has: single extensor Plantar response,1× (0.87-1.2),1.0,1.5,1.0,1.0,Sign/symptom,True,False,False,False,False,LR+,LR = 1,Negligible,,,accepted_workbook_value,
lr_0495,496,Hemorrhagic Stroke,27,Hemorrhagic Stroke,Hemorrhagic etiology in patient who has a Stroke,Patient has: Hemiparesis,Patient has: Hemiparesis,0.96× (0.9-1.0),0.96,1.2,1.0,1.0,Sign/symptom,True,False,False,False,False,LR+,LR < 1,Negligible,,,accepted_workbook_value,
lr_0496,497,Hemorrhagic Stroke,28,Hemorrhagic Stroke,Hemorrhagic etiology in patient who has a Stroke,Patient has: both flexor Plantar response,Patient has: both flexor Plantar response,0.45× (0.25-0.81),0.45,1.2,0.6,1.0,Sign/symptom,True,False,False,False,False,LR+,LR < 1,Weak Negative,,,accepted_workbook_value,
lr_0497,498,Hemorrhagic Stroke,29,Hemorrhagic Stroke,Hemorrhagic etiology in patient who has a Stroke,Patient has: alert level of conciousness,Patient has: alert level of conciousness,0.35× (0.24-0.5),0.35,0.6,0.45,0.4,Sign/symptom,True,False,False,False,False,LR+,LR < 1,Weak Negative,,,accepted_workbook_value,
lr_0498,499,Hemorrhagic Stroke,30,Hemorrhagic Stroke,Hemorrhagic etiology in patient who has a Stroke,Patient has: Cervical bruit,Patient has: Cervical bruit,0.12× (0.03-0.47),0.12,0.8,0.3,0.4,Sign/symptom,True,False,False,False,False,LR+,LR < 1,Moderate Negative,,,accepted_workbook_value,
lr_0499,500,Hemorrhagic Stroke,31,Hemorrhagic Stroke,Hemorrhagic etiology in patient who has a Stroke,Patient has: Xanthochromia in CSF,Patient has: Xanthochromia in CSF,15×,15.0,15.0,20.0,10.0,Testing finding,False,False,True,False,False,LR+,LR > 1,Strong Positive,,,accepted_workbook_value,
lr_0500,501,Hemorrhagic Stroke,32,Hemorrhagic Stroke,Hemorrhagic etiology in patient who has a Stroke,Patient has: Atrial fibrillation on ECG,Patient has: Atrial fibrillation on ECG,0.19× (0.06-0.59),0.19,0.3,0.4,0.4,Testing finding,False,False,True,False,False,LR+,LR < 1,Moderate Negative,,,accepted_workbook_value,
lr_0501,502,Hemorrhagic Stroke,33,Hemorrhagic Stroke,Hemorrhagic etiology in patient who has a Stroke,Patient has: Clinician's Gestalt suggesting a hemorrhagic stroke,Patient has: Clinician's Gestalt suggesting a hemorrhagic stroke,6.2×,6.2,3.0,2.5,3.0,Sign/symptom,True,False,False,False,False,LR+,LR > 1,Moderate Positive,,,accepted_workbook_value,
lr_0502,503,Hemorrhagic Stroke,34,Hemorrhagic Stroke,Hemorrhagic etiology in patient who has a Stroke,Patient has: Age >=60y,Patient has: Age >=60y,0.71× (0.63-0.82),0.71,0.9,0.6,0.75,History,False,True,False,False,False,LR+,LR < 1,Negligible,,,accepted_workbook_value,
lr_0503,504,Hemorrhagic Stroke,35,Hemorrhagic Stroke,Hemorrhagic etiology in patient who has a Stroke,Patient does not have: Alcohol consumption,Patient does not have: Alcohol consumption,0.75× (0.51-1.1),0.75,0.9,0.7,0.8,History,False,True,False,False,False,LR−,LR < 1,Negligible,,,accepted_workbook_value,
lr_0504,505,Hemorrhagic Stroke,36,Hemorrhagic Stroke,Hemorrhagic etiology in patient who has a Stroke,Patient does not have: Male sex,Patient does not have: Male sex,0.85× (0.77-0.94),0.85,0.9,0.9,0.95,History,False,True,False,False,False,LR−,LR < 1,Negligible,,,accepted_workbook_value,
lr_0505,506,Hemorrhagic Stroke,37,Hemorrhagic Stroke,Hemorrhagic etiology in patient who has a Stroke,Patient does not have: Hypertension,Patient does not have: Hypertension,0.88× (0.77-1.01),0.88,0.67,0.7,0.7,History,False,True,False,False,False,LR−,LR < 1,Negligible,,,accepted_workbook_value,
lr_0506,507,Hemorrhagic Stroke,38,Hemorrhagic Stroke,Hemorrhagic etiology in patient who has a Stroke,Patient does not have: Diabetes mellitus,Patient does not have: Diabetes mellitus,1.1× (1.0-1.2),1.1,1.5,1.4,1.2,History,False,True,False,False,False,LR−,LR > 1,Negligible,,,accepted_workbook_value,
lr_0507,508,Hemorrhagic Stroke,39,Hemorrhagic Stroke,Hemorrhagic etiology in patient who has a Stroke,Patient does not have: Prior stroke,Patient does not have: Prior stroke,1.1× (0.88-1.4),1.1,1.5,1.3,1.2,History,False,True,False,False,False,LR−,LR > 1,Negligible,,,accepted_workbook_value,
lr_0508,509,Hemorrhagic Stroke,40,Hemorrhagic Stroke,Hemorrhagic etiology in patient who has a Stroke,Patient does not have: Hyperlipidemia,Patient does not have: Hyperlipidemia,1.1× (1.1-1.1),1.1,0.85,1.8,1.4,History,False,True,False,False,False,LR−,LR > 1,Negligible,,,accepted_workbook_value,
lr_0509,510,Hemorrhagic Stroke,41,Hemorrhagic Stroke,Hemorrhagic etiology in patient who has a Stroke,Patient does not have: Coronary artery disease,Patient does not have: Coronary artery disease,1.1× (1.0-1.3),1.1,0.9,1.4,1.3,History,False,True,False,False,False,LR−,LR > 1,Negligible,,,accepted_workbook_value,
lr_0510,511,Hemorrhagic Stroke,42,Hemorrhagic Stroke,Hemorrhagic etiology in patient who has a Stroke,Patient does not have: Atrial fibrillation,Patient does not have: Atrial fibrillation,1.1× (1.05-1.1),1.1,0.67,1.4,1.3,History,False,True,False,False,False,LR−,LR > 1,Negligible,,,accepted_workbook_value,
lr_0511,512,Hemorrhagic Stroke,43,Hemorrhagic Stroke,Hemorrhagic etiology in patient who has a Stroke,Patient does not have: Peripheral artery disease,Patient does not have: Peripheral artery disease,1.1× (1.0-1.1),1.1,0.9,1.2,1.2,History,False,True,False,False,False,LR−,LR > 1,Negligible,,,accepted_workbook_value,
lr_0512,513,Hemorrhagic Stroke,44,Hemorrhagic Stroke,Hemorrhagic etiology in patient who has a Stroke,Patient does not have: Prior TIA,Patient does not have: Prior TIA,1.2× (1.1-1.3),1.2,0.67,1.2,1.2,History,False,True,False,False,False,LR−,LR > 1,Negligible,,,accepted_workbook_value,
lr_0513,514,Hemorrhagic Stroke,45,Hemorrhagic Stroke,Hemorrhagic etiology in patient who has a Stroke,Patient does not have: Cigarette smoking,Patient does not have: Cigarette smoking,1.2× (0.79-1.8),1.2,0.9,0.85,0.9,History,False,True,False,False,False,LR−,LR > 1,Negligible,,,accepted_workbook_value,
lr_0514,515,Hemorrhagic Stroke,46,Hemorrhagic Stroke,Hemorrhagic etiology in patient who has a Stroke,Patient does not have: Vomiting,Patient does not have: Vomiting,0.73× (0.59-0.91),0.73,0.67,0.6,0.6,Sign/symptom,True,False,False,False,False,LR−,LR < 1,Negligible,,,accepted_workbook_value,
lr_0515,516,Hemorrhagic Stroke,47,Hemorrhagic Stroke,Hemorrhagic etiology in patient who has a Stroke,Patient does not have: Headache,Patient does not have: Headache,0.66× (0.56-0.77),0.66,0.4,0.65,0.5,Sign/symptom,True,False,False,False,False,LR−,LR < 1,Negligible,,,accepted_workbook_value,
lr_0516,517,Hemorrhagic Stroke,48,Hemorrhagic Stroke,Hemorrhagic etiology in patient who has a Stroke,Patient does not have: Loss of consciousness,Patient does not have: Loss of consciousness,0.65× (0.52-0.82),0.65,0.67,0.4,0.5,Sign/symptom,True,False,False,False,False,LR−,LR < 1,Negligible,,,accepted_workbook_value,
lr_0517,518,Hemorrhagic Stroke,49,Hemorrhagic Stroke,Hemorrhagic etiology in patient who has a Stroke,Patient does not have: Seizures w/ neurological deficit,Patient does not have: Seizures w/ neurological deficit,0.93× (0.9-0.96),0.93,0.7,0.9,0.94,Sign/symptom,True,False,False,False,False,LR−,LR < 1,Negligible,,,accepted_workbook_value,
lr_0518,519,Hemorrhagic Stroke,50,Hemorrhagic Stroke,Hemorrhagic etiology in patient who has a Stroke,Patient does not have: Acute onset deficit,Patient does not have: Acute onset deficit,1.7× (1.4-2.1),1.7,0.3,2.5,0.4,Sign/symptom,True,False,False,False,False,LR−,LR > 1,Negligible,,,accepted_workbook_value,
lr_0519,520,Hemorrhagic Stroke,51,Hemorrhagic Stroke,Hemorrhagic etiology in patient who has a Stroke,Patient does not have: Diastolic BP >110 mmHg,Patient does not have: Diastolic BP >110 mmHg,0.59× (0.93-0.89),0.59,0.67,0.7,0.7,Sign/symptom,True,False,False,False,False,LR−,LR < 1,Negligible,,,accepted_workbook_value,
lr_0520,521,Hemorrhagic Stroke,52,Hemorrhagic Stroke,Hemorrhagic etiology in patient who has a Stroke,Patient does not have: Neck stiffness,Patient does not have: Neck stiffness,0.83× (0.75-0.92),0.83,0.67,0.7,0.85,Sign/symptom,True,False,False,False,False,LR−,LR < 1,Negligible,,,accepted_workbook_value,
lr_0521,522,Hemorrhagic Stroke,53,Hemorrhagic Stroke,Hemorrhagic etiology in patient who has a Stroke,Patient does not have: Kernig's or Brudzinski's or both,Patient does not have: Kernig's or Brudzinski's or both,0.87× (0.73-1.0),0.87,0.85,0.8,0.9,Sign/symptom,True,False,False,False,False,LR−,LR < 1,Negligible,,,accepted_workbook_value,
lr_0522,523,Hemorrhagic Stroke,54,Hemorrhagic Stroke,Hemorrhagic etiology in patient who has a Stroke,Patient does not have: Hemiparesis,Patient does not have: Hemiparesis,1.1× (1.0-1.2),1.1,0.3,2.0,2.0,Sign/symptom,True,False,False,False,False,LR−,LR > 1,Negligible,,,accepted_workbook_value,
lr_0523,524,Hemorrhagic Stroke,55,Hemorrhagic Stroke,Hemorrhagic etiology in patient who has a Stroke,Patient does not have: Cervical bruit,Patient does not have: Cervical bruit,1.1× (1.0-1.1),1.1,0.9,1.3,1.1,Sign/symptom,True,False,False,False,False,LR−,LR > 1,Negligible,,,accepted_workbook_value,
lr_0524,525,Hemorrhagic Stroke,56,Hemorrhagic Stroke,Hemorrhagic etiology in patient who has a Stroke,Patient does not have: Xanthochromia in CSF,Patient does not have: Xanthochromia in CSF,0.31×,0.31,0.25,0.7,0.8,Testing finding,False,False,True,False,False,LR−,LR < 1,Weak Negative,,,accepted_workbook_value,
lr_0525,526,Hemorrhagic Stroke,57,Hemorrhagic Stroke,Hemorrhagic etiology in patient who has a Stroke,Patient does not have: Atrial fibrillation on ECG,Patient does not have: Atrial fibrillation on ECG,1.2× (1.0-1.5),1.2,0.67,1.2,1.15,Testing finding,False,False,True,False,False,LR−,LR > 1,Negligible,,,accepted_workbook_value,
lr_0526,527,Hemorrhagic Stroke,58,Hemorrhagic Stroke,Hemorrhagic etiology in patient who has a Stroke,Patient does not have: Clinician's Gestalt suggesting a hemorrhagic stroke,Patient does not have: Clinician's Gestalt suggesting a hemorrhagic stroke,0.28×,0.28,0.4,0.25,0.7,Sign/symptom,True,False,False,False,False,LR−,LR < 1,Weak Negative,,,accepted_workbook_value,
lr_0527,528,Migraine,3,Migraine,Migraine,Patient has: ≥ 4POUNDing Criteria,Patient has: ≥ 4POUNDing Criteria,5.8×,5.8,24.0,12.0,24.0,Sign/symptoms AND History,True,True,False,False,False,LR+,LR > 1,Moderate Positive,,,accepted_workbook_value,
lr_0528,529,Myasthenia Gravis,3,Myasthenia Gravis,Myasthenia Gravis,Patient has: Food in mouth after swallowing,Patient has: Food in mouth after swallowing,13.0 (0.85-212.0),13.0,3.5,5.0,1.6,Sign/symptom,True,False,False,False,False,LR+,LR > 1,Strong Positive,,,accepted_workbook_value,
lr_0529,530,Myasthenia Gravis,4,Myasthenia Gravis,Myasthenia Gravis,Patient has: Unintelligible speech after prolonged speaking,Patient has: Unintelligible speech after prolonged speaking,4.5×,4.5,4.5,10.0,8.0,Sign/symptom,True,False,False,False,False,LR+,LR > 1,Weak Positive,,,accepted_workbook_value,
lr_0530,531,Myasthenia Gravis,5,Myasthenia Gravis,Myasthenia Gravis,Patient has: positive Sleep Test,Patient has: positive Sleep Test,53.0×,53.0,30.0,7.0,12.0,Testing finding,False,False,True,False,False,LR+,LR > 1,Strong Positive,,,accepted_workbook_value,
lr_0531,532,Myasthenia Gravis,6,Myasthenia Gravis,Myasthenia Gravis,Patient has: positive Ice Test,Patient has: positive Ice Test,24.0×,24.0,24.0,20.0,20.0,Testing finding,False,False,True,False,False,LR+,LR > 1,Strong Positive,,,accepted_workbook_value,
lr_0532,533,Myasthenia Gravis,7,Myasthenia Gravis,Myasthenia Gravis,Patient has: positive Rest Test,Patient has: positive Rest Test,16.0 (0.98-261.0),16.0,15.0,15.0,12.0,Testing finding,False,False,True,False,False,LR+,LR > 1,Strong Positive,,,accepted_workbook_value,
lr_0533,534,Myasthenia Gravis,8,Myasthenia Gravis,Myasthenia Gravis,Patient has: positive Anticholinesterase Test,Patient has: positive Anticholinesterase Test,15.0×,15.0,15.0,17.0,15.0,Testing finding,False,False,True,False,False,LR+,LR > 1,Strong Positive,,,accepted_workbook_value,
lr_0534,535,Myasthenia Gravis,9,Myasthenia Gravis,Myasthenia Gravis,Patient has: Quiver eye movements,Patient has: Quiver eye movements,4.1 (0.22-75.0),4.1,3.5,0.4,0.3,Sign/symptom,True,False,False,False,False,LR+,LR > 1,Weak Positive,,,accepted_workbook_value,
lr_0535,536,Myasthenia Gravis,10,Myasthenia Gravis,Myasthenia Gravis,Patient does not have: Unintelligible speech after prolonged speaking,Patient does not have: Unintelligible speech after prolonged speaking,0.61 (0.46-0.8),0.61,0.4,0.8,0.98,Sign/symptom,True,False,False,False,False,LR−,LR < 1,Negligible,,,accepted_workbook_value,
lr_0536,537,Myasthenia Gravis,11,Myasthenia Gravis,Myasthenia Gravis,Patient does not have: Food in mouth after swallowing,Patient does not have: Food in mouth after swallowing,0.70 (0.58-0.84),0.7,0.9,0.8,1.0,Sign/symptom,True,False,False,False,False,LR−,LR < 1,Negligible,,,accepted_workbook_value,
lr_0537,538,Myasthenia Gravis,12,Myasthenia Gravis,Myasthenia Gravis,Patient does not have: positive Sleep Test,Patient does not have: positive Sleep Test,0.01×,0.01,0.2,0.2,0.18,Testing finding,False,False,True,False,False,LR−,LR < 1,Strong Negative,,,accepted_workbook_value,
lr_0538,539,Myasthenia Gravis,13,Myasthenia Gravis,Myasthenia Gravis,Patient does not have: positive Anticholinesterase Test,Patient does not have: positive Anticholinesterase Test,0.11×,0.11,0.2,0.16,0.2,Testing finding,False,False,True,False,False,LR−,LR < 1,Moderate Negative,,,accepted_workbook_value,
lr_0539,540,Myasthenia Gravis,14,Myasthenia Gravis,Myasthenia Gravis,Patient does not have: positive Ice Test,Patient does not have: positive Ice Test,0.16×,0.16,0.25,0.22,0.2,Testing finding,False,False,True,False,False,LR−,LR < 1,Moderate Negative,,,accepted_workbook_value,
lr_0540,541,Myasthenia Gravis,15,Myasthenia Gravis,Myasthenia Gravis,Patient does not have: positive Rest Test,Patient does not have: positive Rest Test,0.52 (0.29-0.95),0.52,0.2,0.33,0.2,Testing finding,False,False,True,False,False,LR−,LR < 1,Negligible,,,accepted_workbook_value,
lr_0541,542,Myasthenia Gravis,16,Myasthenia Gravis,Myasthenia Gravis,Patient does not have: Quiver eye movements,Patient does not have: Quiver eye movements,0.82 (0.57-1.2),0.82,0.9,1.0,1.1,Sign/symptom,True,False,False,False,False,LR−,LR < 1,Negligible,,,accepted_workbook_value,
lr_0542,543,Myasthenia Gravis,17,Myasthenia Gravis,Myasthenia Gravis,Patient does not have: positive Peek Sign,Patient does not have: positive Peek Sign,0.88 (0.76-1.0),0.88,0.25,0.44,0.6,Sign/symptom,True,False,False,False,False,LR−,LR < 1,Negligible,,,accepted_workbook_value,
lr_0543,544,Spinal Stenosis in the Elderly,3,Spinal Stenosis in the Elderly,Spinal Stenosis in the Elderly,Patient has: No pain when seated,Patient has: No pain when seated,7.4×,7.4,4.5,3.0,4.0,Sign/symptom,True,False,False,False,False,LR+,LR > 1,Moderate Positive,,,accepted_workbook_value,
lr_0544,545,Spinal Stenosis in the Elderly,4,Spinal Stenosis in the Elderly,Spinal Stenosis in the Elderly,"Patient has: Burning sensation around the buttocks, Intermittent priapism associated with walking, or both","Patient has: Burning sensation around the buttocks, Intermittent priapism associated with walking, or both",7.2×,7.2,1.5,4.0,3.2,Sign/symptom,True,False,False,False,False,LR+,LR > 1,Moderate Positive,,,accepted_workbook_value,
lr_0545,546,Spinal Stenosis in the Elderly,5,Spinal Stenosis in the Elderly,Spinal Stenosis in the Elderly,Patient has: Urinary disturbance,Patient has: Urinary disturbance,6.9×,6.9,2.5,0.5,0.8,Sign/symptom,True,False,False,False,False,LR+,LR > 1,Moderate Positive,,,accepted_workbook_value,
lr_0546,547,Spinal Stenosis in the Elderly,6,Spinal Stenosis in the Elderly,Spinal Stenosis in the Elderly,Patient has: Improvement when bending forward,Patient has: Improvement when bending forward,6.4×,6.4,4.5,3.0,6.4,Sign/symptom,True,False,False,False,False,LR+,LR > 1,Moderate Positive,,,accepted_workbook_value,
lr_0547,548,Spinal Stenosis in the Elderly,7,Spinal Stenosis in the Elderly,Spinal Stenosis in the Elderly,Patient has: Bilateral buttock or leg pain,Patient has: Bilateral buttock or leg pain,6.3×,6.3,3.5,2.5,2.5,Sign/symptom,True,False,False,False,False,LR+,LR > 1,Moderate Positive,,,accepted_workbook_value,
lr_0548,549,Spinal Stenosis in the Elderly,8,Spinal Stenosis in the Elderly,Spinal Stenosis in the Elderly,Patient has: Neurogenic claudication,Patient has: Neurogenic claudication,3.7×,3.7,4.5,7.0,3.5,Sign/symptom,True,False,False,False,False,LR+,LR > 1,Weak Positive,,,accepted_workbook_value,
lr_0549,550,Spinal Stenosis in the Elderly,9,Spinal Stenosis in the Elderly,Spinal Stenosis in the Elderly,Patient has: Numbness of perineal region,Patient has: Numbness of perineal region,3.7×,3.7,4.5,6.0,2.0,Sign/symptom,True,False,False,False,False,LR+,LR > 1,Weak Positive,,,accepted_workbook_value,
lr_0550,551,Spinal Stenosis in the Elderly,10,Spinal Stenosis in the Elderly,Spinal Stenosis in the Elderly,Patient has: Improved pain when seated,Patient has: Improved pain when seated,3.3×,3.3,4.5,3.2,3.5,Sign/symptom,True,False,False,False,False,LR+,LR > 1,Weak Positive,,,accepted_workbook_value,
lr_0551,552,Spinal Stenosis in the Elderly,11,Spinal Stenosis in the Elderly,Spinal Stenosis in the Elderly,Patient has: Exacerbation of pain when standing up,Patient has: Exacerbation of pain when standing up,2.3×,2.3,4.5,3.0,3.3,Sign/symptom,True,False,False,False,False,LR+,LR > 1,Weak Positive,,,accepted_workbook_value,
lr_0552,553,Spinal Stenosis in the Elderly,12,Spinal Stenosis in the Elderly,Spinal Stenosis in the Elderly,Patient has: Bilateral plantar numbness,Patient has: Bilateral plantar numbness,2.2×,2.2,3.5,3.0,1.8,Sign/symptom,True,False,False,False,False,LR+,LR > 1,Weak Positive,,,accepted_workbook_value,
lr_0553,554,Spinal Stenosis in the Elderly,13,Spinal Stenosis in the Elderly,Spinal Stenosis in the Elderly,Patient has: Treatment for symptoms needs to be repeated every year,Patient has: Treatment for symptoms needs to be repeated every year,2.0×,2.0,2.5,1.3,1.2,Sign/symptom,True,False,False,False,False,LR+,LR > 1,Weak Positive,,,accepted_workbook_value,
lr_0554,555,Spinal Stenosis in the Elderly,14,Spinal Stenosis in the Elderly,Spinal Stenosis in the Elderly,Patient has: Orthopedic disease,Patient has: Orthopedic disease,2.0×,2.0,1.2,1.3,1.0,History,False,True,False,False,False,LR+,LR > 1,Weak Positive,,,accepted_workbook_value,
lr_0555,556,Spinal Stenosis in the Elderly,15,Spinal Stenosis in the Elderly,Spinal Stenosis in the Elderly,Patient has: Pain below buttocks,Patient has: Pain below buttocks,1.4× (1.0-1.8),1.4,3.5,2.5,1.7,Sign/symptom,True,False,False,False,False,LR+,LR > 1,Negligible,,,accepted_workbook_value,
lr_0556,557,Spinal Stenosis in the Elderly,16,Spinal Stenosis in the Elderly,Spinal Stenosis in the Elderly,Patient has: Exacerbated pain while standing up,Patient has: Exacerbated pain while standing up,1.2× (1.1-1.3),1.2,4.5,3.0,3.0,Sign/symptom,True,False,False,False,False,LR+,LR > 1,Negligible,,,accepted_workbook_value,
lr_0557,558,Spinal Stenosis in the Elderly,17,Spinal Stenosis in the Elderly,Spinal Stenosis in the Elderly,Patient has: Wake up to urinate at night,Patient has: Wake up to urinate at night,1.2× (1.1-1.3),1.2,1.2,1.1,1.0,Sign/symptom,True,False,False,False,False,LR+,LR > 1,Negligible,,,accepted_workbook_value,
lr_0558,559,Spinal Stenosis in the Elderly,18,Spinal Stenosis in the Elderly,Spinal Stenosis in the Elderly,Patient has: Thigh pain,Patient has: Thigh pain,1.1× (1.0-1.2),1.1,1.5,3.0,1.2,Sign/symptom,True,False,False,False,False,LR+,LR > 1,Negligible,,,accepted_workbook_value,
lr_0559,560,Spinal Stenosis in the Elderly,19,Spinal Stenosis in the Elderly,Spinal Stenosis in the Elderly,Patient has: Gluteal pain,Patient has: Gluteal pain,0.88× (0.79-0.98),0.88,2.5,3.5,1.6,Sign/symptom,True,False,False,False,False,LR+,LR < 1,Negligible,,,accepted_workbook_value,
lr_0560,561,Spinal Stenosis in the Elderly,20,Spinal Stenosis in the Elderly,Spinal Stenosis in the Elderly,Patient has: Wide-based gait,Patient has: Wide-based gait,13×,13.0,2.5,2.5,2.0,Sign/symptom,True,False,False,False,False,LR+,LR > 1,Strong Positive,,,accepted_workbook_value,
lr_0561,562,Spinal Stenosis in the Elderly,21,Spinal Stenosis in the Elderly,Spinal Stenosis in the Elderly,Patient has: Abnormal Romberg test result,Patient has: Abnormal Romberg test result,4.2×,4.2,3.5,0.5,1.1,Testing finding,False,False,True,False,False,LR+,LR > 1,Weak Positive,,,accepted_workbook_value,
lr_0562,563,Spinal Stenosis in the Elderly,22,Spinal Stenosis in the Elderly,Spinal Stenosis in the Elderly,Patient has: Vibration deficit,Patient has: Vibration deficit,2.8×,2.8,2.5,2.0,1.1,Sign/symptom,True,False,False,False,False,LR+,LR > 1,Weak Positive,,,accepted_workbook_value,
lr_0563,564,Spinal Stenosis in the Elderly,23,Spinal Stenosis in the Elderly,Spinal Stenosis in the Elderly,Patient has: Pinprick deficit,Patient has: Pinprick deficit,2.5×,2.5,2.5,2.5,1.7,Sign/symptom,True,False,False,False,False,LR+,LR > 1,Weak Positive,,,accepted_workbook_value,
lr_0564,565,Spinal Stenosis in the Elderly,24,Spinal Stenosis in the Elderly,Spinal Stenosis in the Elderly,Patient has: Age >65 ,Patient has: Age >65 ,2.5×,2.5,2.5,4.5,4.0,History,False,True,False,False,False,LR+,LR > 1,Weak Positive,,,accepted_workbook_value,
lr_0565,566,Spinal Stenosis in the Elderly,25,Spinal Stenosis in the Elderly,Spinal Stenosis in the Elderly,Patient has: Weakness,Patient has: Weakness,2.1×,2.1,1.5,2.5,1.2,Sign/symptom,True,False,False,False,False,LR+,LR > 1,Weak Positive,,,accepted_workbook_value,
lr_0566,567,Spinal Stenosis in the Elderly,26,Spinal Stenosis in the Elderly,Spinal Stenosis in the Elderly,Patient has: Absent Achilles reflex,Patient has: Absent Achilles reflex,2.1 (1.0-4.4),2.1,3.5,2.2,1.2,Sign/symptom,True,False,False,False,False,LR+,LR > 1,Weak Positive,,,accepted_workbook_value,
lr_0567,568,Spinal Stenosis in the Elderly,27,Spinal Stenosis in the Elderly,Spinal Stenosis in the Elderly,Patient has: No pain with flexion,Patient has: No pain with flexion,1.4 (1.0-2.0),1.4,0.3,3.0,1.7,Sign/symptom,True,False,False,False,False,LR+,LR > 1,Negligible,,,accepted_workbook_value,
lr_0568,569,Spinal Stenosis in the Elderly,28,Spinal Stenosis in the Elderly,Spinal Stenosis in the Elderly,Patient has: Symptoms worsened with bending forward,Patient has: Symptoms worsened with bending forward,0.48 (0.34-0.66),0.48,0.5,0.4,0.3,Sign/symptom,True,False,False,False,False,LR+,LR < 1,Weak Negative,,,accepted_workbook_value,
lr_0569,570,Spinal Stenosis in the Elderly,29,Spinal Stenosis in the Elderly,Spinal Stenosis in the Elderly,Patient does not have: Neurogenic claudication,Patient does not have: Neurogenic claudication,0.23×,0.23,0.3,0.2,0.4,Sign/symptom,True,False,False,False,False,LR−,LR < 1,Weak Negative,,,accepted_workbook_value,
lr_0570,571,Spinal Stenosis in the Elderly,30,Spinal Stenosis in the Elderly,Spinal Stenosis in the Elderly,Patient does not have: Pain below buttocks,Patient does not have: Pain below buttocks,0.34×,0.34,0.3,0.4,0.4,Sign/symptom,True,False,False,False,False,LR−,LR < 1,Weak Negative,,,accepted_workbook_value,
lr_0571,572,Spinal Stenosis in the Elderly,31,Spinal Stenosis in the Elderly,Spinal Stenosis in the Elderly,Patient does not have: Thigh pain,Patient does not have: Thigh pain,0.36×,0.36,0.3,0.5,0.9,Sign/symptom,True,False,False,False,False,LR−,LR < 1,Weak Negative,,,accepted_workbook_value,
lr_0572,573,Spinal Stenosis in the Elderly,32,Spinal Stenosis in the Elderly,Spinal Stenosis in the Elderly,Patient does not have: Exacerbated pain while standing up,Patient does not have: Exacerbated pain while standing up,0.38×,0.38,0.3,0.33,0.4,Sign/symptom,True,False,False,False,False,LR−,LR < 1,Weak Negative,,,accepted_workbook_value,
lr_0573,574,Spinal Stenosis in the Elderly,33,Spinal Stenosis in the Elderly,Spinal Stenosis in the Elderly,Patient does not have: Exacerbation of symptoms when standing up,Patient does not have: Exacerbation of symptoms when standing up,0.46×,0.46,0.25,0.3,0.4,Sign/symptom,True,False,False,False,False,LR−,LR < 1,Weak Negative,,,accepted_workbook_value,
lr_0574,575,Spinal Stenosis in the Elderly,34,Spinal Stenosis in the Elderly,Spinal Stenosis in the Elderly,Patient does not have: Wake up to urinate at night,Patient does not have: Wake up to urinate at night,0.50×,0.5,0.9,0.9,1.0,Sign/symptom,True,False,False,False,False,LR−,LR < 1,Negligible,,,accepted_workbook_value,
lr_0575,576,Spinal Stenosis in the Elderly,35,Spinal Stenosis in the Elderly,Spinal Stenosis in the Elderly,Patient does not have: Improvement of symptoms when bending forward,Patient does not have: Improvement of symptoms when bending forward,0.52× (0.46-0.60),0.52,0.25,0.3,0.4,Sign/symptom,True,False,False,False,False,LR−,LR < 1,Negligible,,,accepted_workbook_value,
lr_0576,577,Spinal Stenosis in the Elderly,36,Spinal Stenosis in the Elderly,Spinal Stenosis in the Elderly,Patient does not have: Bilateral buttock or leg pain,Patient does not have: Bilateral buttock or leg pain,0.54× (0.43-0.68),0.54,0.4,0.4,0.5,Sign/symptom,True,False,False,False,False,LR−,LR < 1,Negligible,,,accepted_workbook_value,
lr_0577,578,Spinal Stenosis in the Elderly,37,Spinal Stenosis in the Elderly,Spinal Stenosis in the Elderly,Patient does not have: pain when seated,Patient does not have: pain when seated,0.57× (0.43-0.76),0.57,0.25,6.0,3.0,Sign/symptom,True,False,False,False,False,LR−,LR < 1,Negligible,,,accepted_workbook_value,
lr_0578,579,Spinal Stenosis in the Elderly,38,Spinal Stenosis in the Elderly,Spinal Stenosis in the Elderly,Patient does not have: Improvement of symptoms when seated,Patient does not have: Improvement of symptoms when seated,0.58× (0.41-0.81),0.58,0.25,0.4,0.4,Sign/symptom,True,False,False,False,False,LR−,LR < 1,Negligible,,,accepted_workbook_value,
lr_0579,580,Spinal Stenosis in the Elderly,39,Spinal Stenosis in the Elderly,Spinal Stenosis in the Elderly,Patient does not have: Treatment for symptoms needs to be repeated every year,Patient does not have: Treatment for symptoms needs to be repeated every year,0.75× (0.65-0.86),0.75,0.4,0.45,1.0,Sign/symptom,True,False,False,False,False,LR−,LR < 1,Negligible,,,accepted_workbook_value,
lr_0580,581,Spinal Stenosis in the Elderly,40,Spinal Stenosis in the Elderly,Spinal Stenosis in the Elderly,Patient does not have: Bilateral plantar numbness,Patient does not have: Bilateral plantar numbness,0.84× (0.76-0.92),0.84,0.7,0.7,0.9,Sign/symptom,True,False,False,False,False,LR−,LR < 1,Negligible,,,accepted_workbook_value,
lr_0581,582,Spinal Stenosis in the Elderly,41,Spinal Stenosis in the Elderly,Spinal Stenosis in the Elderly,Patient does not have: Urinary disturbance,Patient does not have: Urinary disturbance,0.88× (0.83-0.93),0.88,0.8,0.9,1.0,Sign/symptom,True,False,False,False,False,LR−,LR < 1,Negligible,,,accepted_workbook_value,
lr_0582,583,Spinal Stenosis in the Elderly,42,Spinal Stenosis in the Elderly,Spinal Stenosis in the Elderly,Patient does not have: Orthopedic disease,Patient does not have: Orthopedic disease,0.90× (0.83-0.98),0.9,0.67,0.06,0.5,History,False,True,False,False,False,LR−,LR < 1,Negligible,,,accepted_workbook_value,
lr_0583,584,Spinal Stenosis in the Elderly,43,Spinal Stenosis in the Elderly,Spinal Stenosis in the Elderly,"Patient does not have: Burning sensation around the buttocks, Intermittent priapism associated with walking, or both","Patient does not have: Burning sensation around the buttocks, Intermittent priapism associated with walking, or both",0.95× (0.92-0.98),0.95,0.9,0.7,0.9,Sign/symptom,True,False,False,False,False,LR−,LR < 1,Negligible,,,accepted_workbook_value,
lr_0584,585,Spinal Stenosis in the Elderly,44,Spinal Stenosis in the Elderly,Spinal Stenosis in the Elderly,Patient does not have: Numbness of perineal region,Patient does not have: Numbness of perineal region,0.97× (0.94-1.0),0.97,0.9,0.96,1.0,Sign/symptom,True,False,False,False,False,LR−,LR < 1,Negligible,,,accepted_workbook_value,
lr_0585,586,Spinal Stenosis in the Elderly,45,Spinal Stenosis in the Elderly,Spinal Stenosis in the Elderly,Patient does not have: Gluteal pain,Patient does not have: Gluteal pain,3.3× (1.2-8.8),3.3,0.67,0.5,0.8,Sign/symptom,True,False,False,False,False,LR−,LR > 1,Weak Positive,,,accepted_workbook_value,
lr_0586,587,Spinal Stenosis in the Elderly,46,Spinal Stenosis in the Elderly,Spinal Stenosis in the Elderly,Patient does not have: Pain below buttocks,Patient does not have: Pain below buttocks,0.34×,0.34,0.25,0.15,0.4,Sign/symptom,True,False,False,False,False,LR−,LR < 1,Weak Negative,,,accepted_workbook_value,
lr_0587,588,Spinal Stenosis in the Elderly,47,Spinal Stenosis in the Elderly,Spinal Stenosis in the Elderly,Patient does not have: Age >65 ,Patient does not have: Age >65 ,0.34×,0.34,0.5,0.05,0.05,History,False,True,False,False,False,LR−,LR < 1,Weak Negative,,,accepted_workbook_value,
lr_0588,589,Spinal Stenosis in the Elderly,48,Spinal Stenosis in the Elderly,Spinal Stenosis in the Elderly,Patient does not have: Thigh pain,Patient does not have: Thigh pain,0.36×,0.36,0.7,0.5,0.6,Sign/symptom,True,False,False,False,False,LR−,LR < 1,Weak Negative,,,accepted_workbook_value,
lr_0589,590,Spinal Stenosis in the Elderly,49,Spinal Stenosis in the Elderly,Spinal Stenosis in the Elderly,Patient does not have: Exacerbated while standing up,Patient does not have: Exacerbated while standing up,0.38×,0.38,0.25,0.4,0.4,Sign/symptom,True,False,False,False,False,LR−,LR < 1,Weak Negative,,,accepted_workbook_value,
lr_0590,591,Spinal Stenosis in the Elderly,50,Spinal Stenosis in the Elderly,Spinal Stenosis in the Elderly,Patient does not have: Exacerbation when standing up,Patient does not have: Exacerbation when standing up,0.46×,0.46,0.25,0.2,0.3,Sign/symptom,True,False,False,False,False,LR−,LR < 1,Weak Negative,,,accepted_workbook_value,
lr_0591,592,Spinal Stenosis in the Elderly,51,Spinal Stenosis in the Elderly,Spinal Stenosis in the Elderly,Patient does not have: pain with flexion,Patient does not have: pain with flexion,0.48×,0.48,0.3,3.0,2.3,Sign/symptom,True,False,False,False,False,LR−,LR < 1,Weak Negative,,,accepted_workbook_value,
lr_0592,593,Spinal Stenosis in the Elderly,52,Spinal Stenosis in the Elderly,Spinal Stenosis in the Elderly,Patient does not have: Wake up to urinate at night,Patient does not have: Wake up to urinate at night,0.50×,0.5,0.9,0.9,1.0,Sign/symptom,True,False,False,False,False,LR−,LR < 1,Negligible,,,accepted_workbook_value,
lr_0593,594,Spinal Stenosis in the Elderly,53,Spinal Stenosis in the Elderly,Spinal Stenosis in the Elderly,Patient does not have: Improvement when bending forward,Patient does not have: Improvement when bending forward,0.52 (0.46-0.60),0.52,0.25,0.23,0.4,Sign/symptom,True,False,False,False,False,LR−,LR < 1,Negligible,,,accepted_workbook_value,
lr_0594,595,Spinal Stenosis in the Elderly,54,Spinal Stenosis in the Elderly,Spinal Stenosis in the Elderly,Patient does not have: Bilateral buttock or leg pain,Patient does not have: Bilateral buttock or leg pain,0.54 (0.43-0.68),0.54,0.25,0.25,0.6,Sign/symptom,True,False,False,False,False,LR−,LR < 1,Negligible,,,accepted_workbook_value,
lr_0595,596,Spinal Stenosis in the Elderly,55,Spinal Stenosis in the Elderly,Spinal Stenosis in the Elderly,Patient does not have: Vibration deficit,Patient does not have: Vibration deficit,0.57 (0.40-0.82),0.57,0.67,0.8,1.2,Sign/symptom,True,False,False,False,False,LR−,LR < 1,Negligible,,,accepted_workbook_value,
lr_0596,597,Spinal Stenosis in the Elderly,56,Spinal Stenosis in the Elderly,Spinal Stenosis in the Elderly,Patient does not have: pain when seated,Patient does not have: pain when seated,0.57 (0.43-0.76),0.57,0.25,3.3,3.0,Sign/symptom,True,False,False,False,False,LR−,LR < 1,Negligible,,,accepted_workbook_value,
lr_0597,598,Spinal Stenosis in the Elderly,57,Spinal Stenosis in the Elderly,Spinal Stenosis in the Elderly,Patient does not have: Improve in symptoms when seated,Patient does not have: Improve in symptoms when seated,0.58 (0.41-0.81),0.58,0.25,0.12,0.35,Sign/symptom,True,False,False,False,False,LR−,LR < 1,Negligible,,,accepted_workbook_value,
lr_0598,599,Spinal Stenosis in the Elderly,58,Spinal Stenosis in the Elderly,Spinal Stenosis in the Elderly,Patient does not have: Wide-based gait,Patient does not have: Wide-based gait,0.60 (0.46-0.78),0.6,0.67,0.7,0.85,Sign/symptom,True,False,False,False,False,LR−,LR < 1,Negligible,,,accepted_workbook_value,
lr_0599,600,Spinal Stenosis in the Elderly,59,Spinal Stenosis in the Elderly,Spinal Stenosis in the Elderly,Patient does not have: Pinprick deficit,Patient does not have: Pinprick deficit,0.66 (0.48-0.91),0.66,0.67,0.75,0.9,Sign/symptom,True,False,False,False,False,LR−,LR < 1,Negligible,,,accepted_workbook_value,
lr_0600,601,Spinal Stenosis in the Elderly,60,Spinal Stenosis in the Elderly,Spinal Stenosis in the Elderly,Patient does not have: Abnormal Romberg test result,Patient does not have: Abnormal Romberg test result,0.67 (0.51-0.87),0.67,0.67,0.8,1.0,Testing finding,False,False,True,False,False,LR−,LR < 1,Negligible,,,accepted_workbook_value,
lr_0601,602,Spinal Stenosis in the Elderly,61,Spinal Stenosis in the Elderly,Spinal Stenosis in the Elderly,Patient does not have: Weakness,Patient does not have: Weakness,0.69 (0.49-0.96),0.69,0.85,0.8,0.9,Sign/symptom,True,False,False,False,False,LR−,LR < 1,Negligible,,,accepted_workbook_value,
lr_0602,603,Spinal Stenosis in the Elderly,62,Spinal Stenosis in the Elderly,Spinal Stenosis in the Elderly,Patient does not have: Absent Achilles reflex,Patient does not have: Absent Achilles reflex,0.69 (0.49-0.96),0.69,0.67,0.7,0.7,Sign/symptom,True,False,False,False,False,LR−,LR < 1,Negligible,,,accepted_workbook_value,
lr_0603,604,Spinal Stenosis in the Elderly,63,Spinal Stenosis in the Elderly,Spinal Stenosis in the Elderly,Patient does not have: Treatment for symptoms needs to be repeated every year,Patient does not have: Treatment for symptoms needs to be repeated every year,0.75 (0.65-0.86),0.75,0.33,0.3,1.0,Sign/symptom,True,False,False,False,False,LR−,LR < 1,Negligible,,,accepted_workbook_value,
lr_0604,605,Spinal Stenosis in the Elderly,64,Spinal Stenosis in the Elderly,Spinal Stenosis in the Elderly,Patient does not have: Bilateral plantar numbness,Patient does not have: Bilateral plantar numbness,0.84 (0.76-0.92),0.84,0.7,0.7,0.95,Sign/symptom,True,False,False,False,False,LR−,LR < 1,Negligible,,,accepted_workbook_value,
lr_0605,606,Spinal Stenosis in the Elderly,65,Spinal Stenosis in the Elderly,Spinal Stenosis in the Elderly,Patient does not have: Urinary disturbance,Patient does not have: Urinary disturbance,0.88 (0.83-0.93),0.88,0.8,1.2,0.95,Sign/symptom,True,False,False,False,False,LR−,LR < 1,Negligible,,,accepted_workbook_value,
lr_0606,607,Spinal Stenosis in the Elderly,66,Spinal Stenosis in the Elderly,Spinal Stenosis in the Elderly,Patient does not have: Orthopedic disease,Patient does not have: Orthopedic disease,0.90 (0.83-0.98),0.9,0.7,0.05,1.0,Sign/symptom,True,False,False,False,False,LR−,LR < 1,Negligible,,,accepted_workbook_value,
lr_0607,608,Spinal Stenosis in the Elderly,67,Spinal Stenosis in the Elderly,Spinal Stenosis in the Elderly,"Patient does not have: Burning sensation around the buttocks, Intermittent priapism associated with walking, or both","Patient does not have: Burning sensation around the buttocks, Intermittent priapism associated with walking, or both",0.95 (0.92-0.98),0.95,0.3,0.6,0.7,Sign/symptom,True,False,False,False,False,LR−,LR < 1,Negligible,,,accepted_workbook_value,
lr_0608,609,Spinal Stenosis in the Elderly,68,Spinal Stenosis in the Elderly,Spinal Stenosis in the Elderly,Patient does not have: Numbness of perineal region,Patient does not have: Numbness of perineal region,0.97 (0.94-1.0),0.97,0.9,1.1,1.0,Sign/symptom,True,False,False,False,False,LR−,LR < 1,Negligible,,,accepted_workbook_value,
lr_0609,610,Spinal Stenosis in the Elderly,69,Spinal Stenosis in the Elderly,Spinal Stenosis in the Elderly,Patient does not have: Symptoms induced by having patients bend forward,Patient does not have: Symptoms induced by having patients bend forward,1.3 (1.2-1.5),1.3,0.25,2.5,1.3,Sign/symptom,True,False,False,False,False,LR−,LR > 1,Negligible,,,accepted_workbook_value,
lr_0610,611,Spinal Stenosis in the Elderly,70,Spinal Stenosis in the Elderly,Spinal Stenosis in the Elderly,Patient does not have: Gluteal pain,Patient does not have: Gluteal pain,3.3 (1.2-8.8),3.3,0.4,0.4,0.45,Sign/symptom,True,False,False,False,False,LR−,LR > 1,Weak Positive,,,accepted_workbook_value,
lr_0611,612,Temporal Arteritis,3,Temporal Arteritis,Temporal Arteritis,Patient has: Beaded temporal artery,Patient has: Beaded temporal artery,4.6×,4.6,8.5,4.3,6.0,Sign/symptom,True,False,False,False,False,LR+,LR > 1,Weak Positive,,,accepted_workbook_value,
lr_0612,613,Temporal Arteritis,4,Temporal Arteritis,Temporal Arteritis,Patient has: Prominent or enlarged temporal artery,Patient has: Prominent or enlarged temporal artery,4.3×,4.3,4.5,4.3,4.3,Sign/symptom,True,False,False,False,False,LR+,LR > 1,Weak Positive,,,accepted_workbook_value,
lr_0613,614,Temporal Arteritis,5,Temporal Arteritis,Temporal Arteritis,Patient has: Jaw claudication,Patient has: Jaw claudication,4.2×,4.2,4.2,6.0,4.2,Sign/symptom,True,False,False,False,False,LR+,LR > 1,Weak Positive,,,accepted_workbook_value,
lr_0614,615,Temporal Arteritis,6,Temporal Arteritis,Temporal Arteritis,Patient has: Diplopia,Patient has: Diplopia,3.4×,3.4,3.5,3.5,3.4,Sign/symptom,True,False,False,False,False,LR+,LR > 1,Weak Positive,,,accepted_workbook_value,
lr_0615,616,Temporal Arteritis,7,Temporal Arteritis,Temporal Arteritis,Patient has: Absent temporal artery pulse,Patient has: Absent temporal artery pulse,2.7×,2.7,4.5,4.6,4.3,Sign/symptom,True,False,False,False,False,LR+,LR > 1,Weak Positive,,,accepted_workbook_value,
lr_0616,617,Temporal Arteritis,8,Temporal Arteritis,Temporal Arteritis,Patient has: Tender temporal artery,Patient has: Tender temporal artery,2.6×,2.6,4.5,3.5,3.1,Sign/symptom,True,False,False,False,False,LR+,LR > 1,Weak Positive,,,accepted_workbook_value,
lr_0617,618,Temporal Arteritis,9,Temporal Arteritis,Temporal Arteritis,Patient has: Any temporal artery abnormality,Patient has: Any temporal artery abnormality,2.0×,2.0,4.2,8.0,3.3,Sign/symptom,True,False,False,False,False,LR+,LR > 1,Weak Positive,,,accepted_workbook_value,
lr_0618,619,Temporal Arteritis,10,Temporal Arteritis,Temporal Arteritis,Patient has: ESR > 100 mm/h,Patient has: ESR > 100 mm/h,1.9×,1.9,10.2,6.0,3.0,Testing finding,False,False,True,False,False,LR+,LR > 1,Negligible,,,accepted_workbook_value,
lr_0619,620,Temporal Arteritis,11,Temporal Arteritis,Temporal Arteritis,Patient has: Scalp tenderness,Patient has: Scalp tenderness,1.6×,1.6,4.5,6.0,2.6,Sign/symptom,True,False,False,False,False,LR+,LR > 1,Negligible,,,accepted_workbook_value,
lr_0620,621,Temporal Arteritis,12,Temporal Arteritis,Temporal Arteritis,Patient has: Optic atrophy or ischemic optic neuropathy,Patient has: Optic atrophy or ischemic optic neuropathy,1.6×,1.6,4.5,12.0,3.5,Imaging finding,False,False,False,True,False,LR+,LR > 1,Negligible,,,accepted_workbook_value,
lr_0621,622,Temporal Arteritis,13,Temporal Arteritis,Temporal Arteritis,Patient has: Anemia,Patient has: Anemia,1.5×,1.5,2.5,4.0,1.6,Testing finding,False,False,True,False,False,LR+,LR > 1,Negligible,,,accepted_workbook_value,
lr_0622,623,Temporal Arteritis,14,Temporal Arteritis,Temporal Arteritis,Patient has: Temporal headache,Patient has: Temporal headache,1.5×,1.5,3.5,2.0,1.8,Sign/symptom,True,False,False,False,False,LR+,LR > 1,Negligible,,,accepted_workbook_value,
lr_0623,624,Temporal Arteritis,15,Temporal Arteritis,Temporal Arteritis,Patient has: Weight loss,Patient has: Weight loss,1.3×,1.3,2.5,3.0,1.3,Sign/symptom,True,False,False,False,False,LR+,LR > 1,Negligible,,,accepted_workbook_value,
lr_0624,625,Temporal Arteritis,16,Temporal Arteritis,Temporal Arteritis,Patient has: Any headache,Patient has: Any headache,1.2×,1.2,1.5,5.3,1.3,Sign/symptom,True,False,False,False,False,LR+,LR > 1,Negligible,,,accepted_workbook_value,
lr_0625,626,Temporal Arteritis,17,Temporal Arteritis,Temporal Arteritis,Patient has: ESR > 50 mm/h,Patient has: ESR > 50 mm/h,1.2×,1.2,4.2,2.8,1.2,Testing finding,False,False,True,False,False,LR+,LR > 1,Negligible,,,accepted_workbook_value,
lr_0626,627,Temporal Arteritis,18,Temporal Arteritis,Temporal Arteritis,Patient has: Fatigue,Patient has: Fatigue,1.2×,1.2,1.2,3.5,1.2,Sign/symptom,True,False,False,False,False,LR+,LR > 1,Negligible,,,accepted_workbook_value,
lr_0627,628,Temporal Arteritis,19,Temporal Arteritis,Temporal Arteritis,Patient has: Fever,Patient has: Fever,1.2×,1.2,2.0,1.7,1.2,Sign/symptom,True,False,False,False,False,LR+,LR > 1,Negligible,,,accepted_workbook_value,
lr_0628,629,Temporal Arteritis,20,Temporal Arteritis,Temporal Arteritis,Patient has: Anorexia,Patient has: Anorexia,1.2×,1.2,1.5,3.0,1.2,Sign/symptom,True,False,False,False,False,LR+,LR > 1,Negligible,,,accepted_workbook_value,
lr_0629,630,Temporal Arteritis,21,Temporal Arteritis,Temporal Arteritis,Patient has: ESR abnormal,Patient has: ESR abnormal,1.1×,1.1,10.0,1.7,1.4,Testing finding,False,False,True,False,False,LR+,LR > 1,Negligible,,,accepted_workbook_value,
lr_0630,631,Temporal Arteritis,22,Temporal Arteritis,Temporal Arteritis,Patient has: White Race,Patient has: White Race,1.1×,1.1,1.2,1.4,1.4,History,False,True,False,False,False,LR+,LR > 1,Negligible,,,accepted_workbook_value,
lr_0631,632,Temporal Arteritis,23,Temporal Arteritis,Temporal Arteritis,Patient has: Any visual symptom,Patient has: Any visual symptom,1.1×,1.1,3.5,4.2,3.5,Sign/symptom,True,False,False,False,False,LR+,LR > 1,Negligible,,,accepted_workbook_value,
lr_0632,633,Temporal Arteritis,24,Temporal Arteritis,Temporal Arteritis,Patient has: Arthralgia,Patient has: Arthralgia,1.1×,1.1,1.5,1.2,1.1,Sign/symptom,True,False,False,False,False,LR+,LR > 1,Negligible,,,accepted_workbook_value,
lr_0633,634,Temporal Arteritis,25,Temporal Arteritis,Temporal Arteritis,Patient has: Any funduscopic abnormality,Patient has: Any funduscopic abnormality,1.1×,1.1,3.5,4.0,3.2,Imaging finding,False,False,False,True,False,LR+,LR > 1,Negligible,,,accepted_workbook_value,
lr_0634,635,Temporal Arteritis,26,Temporal Arteritis,Temporal Arteritis,Patient has: Polymyalgia rheumatica,Patient has: Polymyalgia rheumatica,0.97×,0.97,4.2,12.0,3.0,History,False,True,False,False,False,LR+,LR < 1,Negligible,,,accepted_workbook_value,
lr_0635,636,Temporal Arteritis,27,Temporal Arteritis,Temporal Arteritis,Patient has: Myalgia,Patient has: Myalgia,0.93×,0.93,2.5,3.2,1.8,Sign/symptom,True,False,False,False,False,LR+,LR < 1,Negligible,,,accepted_workbook_value,
lr_0636,637,Temporal Arteritis,28,Temporal Arteritis,Temporal Arteritis,Patient has: Unilateral visual loss,Patient has: Unilateral visual loss,0.85×,0.85,16.0,4.0,3.4,Sign/symptom,True,False,False,False,False,LR+,LR < 1,Negligible,,,accepted_workbook_value,
lr_0637,638,Temporal Arteritis,29,Temporal Arteritis,Temporal Arteritis,Patient has: Male sex,Patient has: Male sex,0.83×,0.83,0.6,0.67,0.6,History,False,True,False,False,False,LR+,LR < 1,Negligible,,,accepted_workbook_value,
lr_0638,639,Temporal Arteritis,30,Temporal Arteritis,Temporal Arteritis,Patient has: Vertigo,Patient has: Vertigo,0.71×,0.71,0.9,0.5,0.6,History,False,True,False,False,False,LR+,LR < 1,Negligible,,,accepted_workbook_value,
lr_0639,640,Temporal Arteritis,31,Temporal Arteritis,Temporal Arteritis,Patient has: Synovitis,Patient has: Synovitis,0.41×,0.41,1.5,0.9,0.4,History,False,True,False,False,False,LR+,LR < 1,Weak Negative,,,accepted_workbook_value,
lr_0640,641,Temporal Arteritis,32,Temporal Arteritis,Temporal Arteritis,Patient does not have: ESR abnormal,Patient does not have: ESR abnormal,0.2×,0.2,0.2,0.15,0.4,Testing finding,False,False,True,False,False,LR−,LR < 1,Moderate Negative,,,accepted_workbook_value,
lr_0641,642,Temporal Arteritis,33,Temporal Arteritis,Temporal Arteritis,Patient does not have: ESR > 50 mm/h,Patient does not have: ESR > 50 mm/h,0.35×,0.35,0.25,0.17,0.47,Testing finding,False,False,True,False,False,LR−,LR < 1,Weak Negative,,,accepted_workbook_value,
lr_0642,643,Temporal Arteritis,34,Temporal Arteritis,Temporal Arteritis,Patient does not have: Any temporal artery abnormality,Patient does not have: Any temporal artery abnormality,0.53×,0.53,0.2,0.6,0.6,History,False,True,False,False,False,LR−,LR < 1,Negligible,,,accepted_workbook_value,
lr_0643,644,Temporal Arteritis,35,Temporal Arteritis,Temporal Arteritis,Patient does not have: Prominent or enlarged temporal artery,Patient does not have: Prominent or enlarged temporal artery,0.67×,0.67,0.25,0.4,0.6,Sign/symptom,True,False,False,False,False,LR−,LR < 1,Negligible,,,accepted_workbook_value,
lr_0644,645,Temporal Arteritis,36,Temporal Arteritis,Temporal Arteritis,Patient does not have: Any headache,Patient does not have: Any headache,0.7×,0.7,0.2,0.25,0.5,Sign/symptom,True,False,False,False,False,LR−,LR < 1,Negligible,,,accepted_workbook_value,
lr_0645,646,Temporal Arteritis,37,Temporal Arteritis,Temporal Arteritis,Patient does not have: Absent temporal artery pulse,Patient does not have: Absent temporal artery pulse,0.71×,0.71,0.67,0.65,0.65,Sign/symptom,True,False,False,False,False,LR−,LR < 1,Negligible,,,accepted_workbook_value,
lr_0646,647,Temporal Arteritis,38,Temporal Arteritis,Temporal Arteritis,Patient does not have: Jaw claudication,Patient does not have: Jaw claudication,0.72×,0.72,0.4,0.6,0.7,Sign/symptom,True,False,False,False,False,LR−,LR < 1,Negligible,,,accepted_workbook_value,
lr_0647,648,Temporal Arteritis,39,Temporal Arteritis,Temporal Arteritis,Patient does not have: Anemia,Patient does not have: Anemia,0.79×,0.79,0.4,0.6,0.65,Testing finding,False,False,True,False,False,LR−,LR < 1,Negligible,,,accepted_workbook_value,
lr_0648,649,Temporal Arteritis,40,Temporal Arteritis,Temporal Arteritis,Patient does not have: Optic atrophy or ischemic optic neuropathy,Patient does not have: Optic atrophy or ischemic optic neuropathy,0.8×,0.8,0.4,0.8,0.95,Imaging finding,False,False,False,True,False,LR−,LR < 1,Negligible,,,accepted_workbook_value,
lr_0649,650,Temporal Arteritis,41,Temporal Arteritis,Temporal Arteritis,Patient does not have: ESR > 100 mm/h,Patient does not have: ESR > 100 mm/h,0.8×,0.8,0.3,0.6,0.7,Testing finding,False,False,True,False,False,LR−,LR < 1,Negligible,,,accepted_workbook_value,
lr_0650,651,Temporal Arteritis,42,Temporal Arteritis,Temporal Arteritis,Patient does not have: Temporal headache,Patient does not have: Temporal headache,0.82×,0.82,0.25,0.2,0.6,Sign/symptom,True,False,False,False,False,LR−,LR < 1,Negligible,,,accepted_workbook_value,
lr_0651,652,Temporal Arteritis,43,Temporal Arteritis,Temporal Arteritis,Patient does not have: Tender temporal artery,Patient does not have: Tender temporal artery,0.82×,0.82,0.25,0.35,0.6,Sign/symptom,True,False,False,False,False,LR−,LR < 1,Negligible,,,accepted_workbook_value,
lr_0652,653,Temporal Arteritis,44,Temporal Arteritis,Temporal Arteritis,Patient does not have: Anorexia,Patient does not have: Anorexia,0.87×,0.87,0.6,0.74,0.9,Sign/symptom,True,False,False,False,False,LR−,LR < 1,Negligible,,,accepted_workbook_value,
lr_0653,654,Temporal Arteritis,45,Temporal Arteritis,Temporal Arteritis,Patient does not have: Weight loss,Patient does not have: Weight loss,0.89×,0.89,0.67,0.8,0.75,Sign/symptom,True,False,False,False,False,LR−,LR < 1,Negligible,,,accepted_workbook_value,
lr_0654,655,Temporal Arteritis,46,Temporal Arteritis,Temporal Arteritis,Patient does not have: Fever,Patient does not have: Fever,0.92×,0.92,0.8,0.6,0.8,Sign/symptom,True,False,False,False,False,LR−,LR < 1,Negligible,,,accepted_workbook_value,
lr_0655,656,Temporal Arteritis,47,Temporal Arteritis,Temporal Arteritis,Patient does not have: Scalp tenderness,Patient does not have: Scalp tenderness,0.93×,0.93,0.4,0.53,0.8,Sign/symptom,True,False,False,False,False,LR−,LR < 1,Negligible,,,accepted_workbook_value,
lr_0656,657,Temporal Arteritis,48,Temporal Arteritis,Temporal Arteritis,Patient does not have: Beaded temporal artery,Patient does not have: Beaded temporal artery,0.93×,0.93,0.25,0.5,0.85,Sign/symptom,True,False,False,False,False,LR−,LR < 1,Negligible,,,accepted_workbook_value,
lr_0657,658,Temporal Arteritis,49,Temporal Arteritis,Temporal Arteritis,Patient does not have: Fatigue,Patient does not have: Fatigue,0.94×,0.94,0.8,0.7,0.85,Sign/symptom,True,False,False,False,False,LR−,LR < 1,Negligible,,,accepted_workbook_value,
lr_0658,659,Temporal Arteritis,50,Temporal Arteritis,Temporal Arteritis,Patient does not have: Diplopia,Patient does not have: Diplopia,0.95×,0.95,0.6,0.96,0.93,Sign/symptom,True,False,False,False,False,LR−,LR < 1,Negligible,,,accepted_workbook_value,
lr_0659,660,Temporal Arteritis,51,Temporal Arteritis,Temporal Arteritis,Patient does not have: Any visual symptom,Patient does not have: Any visual symptom,0.97×,0.97,0.4,0.8,0.8,Sign/symptom,True,False,False,False,False,LR−,LR < 1,Negligible,,,accepted_workbook_value,
lr_0660,661,Temporal Arteritis,52,Temporal Arteritis,Temporal Arteritis,Patient does not have: Polymyalgia rheumatica,Patient does not have: Polymyalgia rheumatica,0.99×,0.99,0.4,0.5,0.55,History,False,True,False,False,False,LR−,LR < 1,Negligible,,,accepted_workbook_value,
lr_0661,662,Temporal Arteritis,53,Temporal Arteritis,Temporal Arteritis,Patient does not have: Arthralgia,Patient does not have: Arthralgia,1.0×,1.0,0.8,0.6,0.85,Sign/symptom,True,False,False,False,False,LR−,LR = 1,Negligible,,,accepted_workbook_value,
lr_0662,663,Temporal Arteritis,54,Temporal Arteritis,Temporal Arteritis,Patient does not have: Any funduscopic abnormality,Patient does not have: Any funduscopic abnormality,1.0×,1.0,0.67,0.8,0.9,Imaging finding,False,False,False,True,False,LR−,LR = 1,Negligible,,,accepted_workbook_value,
lr_0663,664,Temporal Arteritis,55,Temporal Arteritis,Temporal Arteritis,Patient does not have: Myalgia,Patient does not have: Myalgia,1.1×,1.1,0.67,0.6,0.6,Sign/symptom,True,False,False,False,False,LR−,LR > 1,Negligible,,,accepted_workbook_value,
lr_0664,665,Temporal Arteritis,56,Temporal Arteritis,Temporal Arteritis,Patient does not have: Vertigo,Patient does not have: Vertigo,1.1×,1.1,1.0,1.1,1.0,History,False,True,False,False,False,LR−,LR > 1,Negligible,,,accepted_workbook_value,
lr_0665,666,Temporal Arteritis,57,Temporal Arteritis,Temporal Arteritis,Patient does not have: Synovitis,Patient does not have: Synovitis,1.1×,1.1,0.8,0.8,1.0,History,False,True,False,False,False,LR−,LR > 1,Negligible,,,accepted_workbook_value,
lr_0666,667,Temporal Arteritis,58,Temporal Arteritis,Temporal Arteritis,Patient does not have: Unilateral visual loss,Patient does not have: Unilateral visual loss,1.2×,1.2,0.3,0.85,0.85,Sign/symptom,True,False,False,False,False,LR−,LR > 1,Negligible,,,accepted_workbook_value,
lr_0667,668,Carpal Tunnel Syndrome,3,Carpal Tunnel Syndrome,Carpal Tunnel Syndrome,Patient has: Flick Sign,Patient has: Flick Sign,21.4×,21.4,4.6,16.0,23.0,Sign/symptom,True,False,False,False,False,LR+,LR > 1,Strong Positive,,,accepted_workbook_value,
lr_0668,669,Carpal Tunnel Syndrome,4,Carpal Tunnel Syndrome,Carpal Tunnel Syndrome,Patient has: Closed Fist Sign,Patient has: Closed Fist Sign,7.3×,7.3,4.5,3.0,1.0,Sign/symptom,True,False,False,False,False,LR+,LR > 1,Moderate Positive,,,accepted_workbook_value,
lr_0669,670,Carpal Tunnel Syndrome,5,Carpal Tunnel Syndrome,Carpal Tunnel Syndrome,Patient has: Hypalgesia ,Patient has: Hypalgesia ,3.1×,3.1,3.5,3.5,1.3,Sign/symptom,True,False,False,False,False,LR+,LR > 1,Weak Positive,,,accepted_workbook_value,
lr_0670,671,Carpal Tunnel Syndrome,6,Carpal Tunnel Syndrome,Carpal Tunnel Syndrome,Patient has: Square Hand Sign,Patient has: Square Hand Sign,2.7×,2.7,3.5,2.5,3.3,Sign/symptom,True,False,False,False,False,LR+,LR > 1,Weak Positive,,,accepted_workbook_value,
lr_0671,672,Carpal Tunnel Syndrome,7,Carpal Tunnel Syndrome,Carpal Tunnel Syndrome,Patient has: Classical or probable Katz hand diagram results,Patient has: Classical or probable Katz hand diagram results,2.4×,2.4,4.6,3.0,2.4,Sign/symptom,True,False,False,False,False,LR+,LR > 1,Weak Positive,,,accepted_workbook_value,
lr_0672,673,Carpal Tunnel Syndrome,8,Carpal Tunnel Syndrome,Carpal Tunnel Syndrome,"Patient has: Weak Thumb_x000D_
  Abduction","Patient has: Weak Thumb_x000D_
  Abduction",1.8×,1.8,4.5,4.5,1.8,Sign/symptom,True,False,False,False,False,LR+,LR > 1,Negligible,,,accepted_workbook_value,
lr_0673,674,Carpal Tunnel Syndrome,9,Carpal Tunnel Syndrome,Carpal Tunnel Syndrome,Patient has: Thenar Atrophy,Patient has: Thenar Atrophy,1.6×,1.6,14.0,5.0,6.0,Sign/symptom,True,False,False,False,False,LR+,LR > 1,Negligible,,,accepted_workbook_value,
lr_0674,675,Carpal Tunnel Syndrome,10,Carpal Tunnel Syndrome,Carpal Tunnel Syndrome,Patient has: Abnormal Vibration,Patient has: Abnormal Vibration,1.6×,1.6,2.5,1.5,1.2,Sign/symptom,True,False,False,False,False,LR+,LR > 1,Negligible,,,accepted_workbook_value,
lr_0675,676,Carpal Tunnel Syndrome,11,Carpal Tunnel Syndrome,Carpal Tunnel Syndrome,Patient has: Abnormal Monofilament,Patient has: Abnormal Monofilament,1.5×,1.5,3.5,4.0,3.0,Sign/symptom,True,False,False,False,False,LR+,LR > 1,Negligible,,,accepted_workbook_value,
lr_0676,677,Carpal Tunnel Syndrome,12,Carpal Tunnel Syndrome,Carpal Tunnel Syndrome,Patient has: Bilateral Symptoms,Patient has: Bilateral Symptoms,1.4×,1.4,0.85,2.4,1.4,Sign/symptom,True,False,False,False,False,LR+,LR > 1,Negligible,,,accepted_workbook_value,
lr_0677,678,Carpal Tunnel Syndrome,13,Carpal Tunnel Syndrome,Carpal Tunnel Syndrome,Patient has: Tinnel Sign,Patient has: Tinnel Sign,1.4×,1.4,3.5,2.1,2.2,Sign/symptom,True,False,False,False,False,LR+,LR > 1,Negligible,,,accepted_workbook_value,
lr_0678,679,Carpal Tunnel Syndrome,14,Carpal Tunnel Syndrome,Carpal Tunnel Syndrome,Patient has: Phalen Sign,Patient has: Phalen Sign,1.3×,1.3,4.3,2.5,2.5,Sign/symptom,True,False,False,False,False,LR+,LR > 1,Negligible,,,accepted_workbook_value,
lr_0679,680,Carpal Tunnel Syndrome,15,Carpal Tunnel Syndrome,Carpal Tunnel Syndrome,Patient has: Age > 40 years,Patient has: Age > 40 years,1.3×,1.3,1.2,1.6,1.5,History,False,True,False,False,False,LR+,LR > 1,Negligible,,,accepted_workbook_value,
lr_0680,681,Carpal Tunnel Syndrome,16,Carpal Tunnel Syndrome,Carpal Tunnel Syndrome,Patient has: 2 point discrimination,Patient has: 2 point discrimination,1.3×,1.3,1.0,0.3,2.5,Sign/symptom,True,False,False,False,False,LR+,LR > 1,Negligible,,,accepted_workbook_value,
lr_0681,682,Carpal Tunnel Syndrome,17,Carpal Tunnel Syndrome,Carpal Tunnel Syndrome,Patient has: Nocturnal  Paresthesia,Patient has: Nocturnal  Paresthesia,1.2×,1.2,4.5,3.0,2.8,Sign/symptom,True,False,False,False,False,LR+,LR > 1,Negligible,,,accepted_workbook_value,
lr_0682,683,Carpal Tunnel Syndrome,18,Carpal Tunnel Syndrome,Carpal Tunnel Syndrome,Patient has: Pressure  Provocation Test,Patient has: Pressure  Provocation Test,1.0×,1.0,4.5,9.0,3.0,Testing finding,False,False,True,False,False,LR+,LR = 1,Negligible,,,accepted_workbook_value,
lr_0683,684,Carpal Tunnel Syndrome,19,Carpal Tunnel Syndrome,Carpal Tunnel Syndrome,Patient has: Tourniquet Test,Patient has: Tourniquet Test,1.0×,1.0,3.5,4.0,1.0,Testing finding,False,False,True,False,False,LR+,LR = 1,Negligible,,,accepted_workbook_value,
lr_0684,685,Carpal Tunnel Syndrome,20,Carpal Tunnel Syndrome,Carpal Tunnel Syndrome,Patient does not have: Flick Sign,Patient does not have: Flick Sign,0.1×,0.1,0.5,0.07,0.073,Sign/symptom,True,False,False,False,False,LR−,LR < 1,Strong Negative,,,accepted_workbook_value,
lr_0685,686,Carpal Tunnel Syndrome,21,Carpal Tunnel Syndrome,Carpal Tunnel Syndrome,Patient does not have: Closed Fist Sign,Patient does not have: Closed Fist Sign,0.4×,0.4,0.7,0.45,0.42,Sign/symptom,True,False,False,False,False,LR−,LR < 1,Weak Negative,,,accepted_workbook_value,
lr_0686,687,Carpal Tunnel Syndrome,22,Carpal Tunnel Syndrome,Carpal Tunnel Syndrome,Patient does not have: Classical or probable Katz hand diagram results,Patient does not have: Classical or probable Katz hand diagram results,0.5×,0.5,0.25,0.4,0.5,Sign/symptom,True,False,False,False,False,LR−,LR < 1,Negligible,,,accepted_workbook_value,
lr_0687,688,Carpal Tunnel Syndrome,23,Carpal Tunnel Syndrome,Carpal Tunnel Syndrome,Patient does not have: Age > 40 years,Patient does not have: Age > 40 years,0.5×,0.5,0.7,0.45,0.45,History,False,True,False,False,False,LR−,LR < 1,Negligible,,,accepted_workbook_value,
lr_0688,689,Carpal Tunnel Syndrome,24,Carpal Tunnel Syndrome,Carpal Tunnel Syndrome,"Patient does not have: Weak Thumb_x000D_
  Abduction","Patient does not have: Weak Thumb_x000D_
  Abduction",0.5×,0.5,0.25,0.7,0.8,Sign/symptom,True,False,False,False,False,LR−,LR < 1,Negligible,,,accepted_workbook_value,
lr_0689,690,Carpal Tunnel Syndrome,25,Carpal Tunnel Syndrome,Carpal Tunnel Syndrome,Patient does not have: Square Hand Sign,Patient does not have: Square Hand Sign,0.5×,0.5,0.4,0.65,0.7,Sign/symptom,True,False,False,False,False,LR−,LR < 1,Negligible,,,accepted_workbook_value,
lr_0690,691,Carpal Tunnel Syndrome,26,Carpal Tunnel Syndrome,Carpal Tunnel Syndrome,Patient does not have: Bilateral Symptoms,Patient does not have: Bilateral Symptoms,0.7×,0.7,0.8,0.44,0.7,Sign/symptom,True,False,False,False,False,LR−,LR < 1,Negligible,,,accepted_workbook_value,
lr_0691,692,Carpal Tunnel Syndrome,27,Carpal Tunnel Syndrome,Carpal Tunnel Syndrome,Patient does not have: Nocturnal Paresthesia,Patient does not have: Nocturnal Paresthesia,0.7×,0.7,0.25,0.3,0.4,Sign/symptom,True,False,False,False,False,LR−,LR < 1,Negligible,,,accepted_workbook_value,
lr_0692,693,Carpal Tunnel Syndrome,28,Carpal Tunnel Syndrome,Carpal Tunnel Syndrome,Patient does not have: Abnormal Monofilament,Patient does not have: Abnormal Monofilament,0.7×,0.7,0.25,0.28,0.7,Sign/symptom,True,False,False,False,False,LR−,LR < 1,Negligible,,,accepted_workbook_value,
lr_0693,694,Carpal Tunnel Syndrome,29,Carpal Tunnel Syndrome,Carpal Tunnel Syndrome,Patient does not have: Hypalgesia ,Patient does not have: Hypalgesia ,0.7×,0.7,0.6,0.4,0.8,Sign/symptom,True,False,False,False,False,LR−,LR < 1,Negligible,,,accepted_workbook_value,
lr_0694,695,Carpal Tunnel Syndrome,30,Carpal Tunnel Syndrome,Carpal Tunnel Syndrome,Patient does not have: Phalen Sign,Patient does not have: Phalen Sign,0.7×,0.7,0.3,0.44,0.44,Sign/symptom,True,False,False,False,False,LR−,LR < 1,Negligible,,,accepted_workbook_value,
lr_0695,696,Carpal Tunnel Syndrome,31,Carpal Tunnel Syndrome,Carpal Tunnel Syndrome,Patient does not have: Abnormal Vibration ,Patient does not have: Abnormal Vibration ,0.8×,0.8,0.8,0.8,0.9,Sign/symptom,True,False,False,False,False,LR−,LR < 1,Negligible,,,accepted_workbook_value,
lr_0696,697,Carpal Tunnel Syndrome,32,Carpal Tunnel Syndrome,Carpal Tunnel Syndrome,Patient does not have: Tinnel Sign,Patient does not have: Tinnel Sign,0.8×,0.8,0.4,1.0,0.8,Sign/symptom,True,False,False,False,False,LR−,LR < 1,Negligible,,,accepted_workbook_value,
lr_0697,698,Carpal Tunnel Syndrome,33,Carpal Tunnel Syndrome,Carpal Tunnel Syndrome,Patient does not have: Tourniquet Test,Patient does not have: Tourniquet Test,1.0×,1.0,0.85,0.7,0.5,Testing finding,False,False,True,False,False,LR−,LR = 1,Negligible,,,accepted_workbook_value,
lr_0698,699,Carpal Tunnel Syndrome,34,Carpal Tunnel Syndrome,Carpal Tunnel Syndrome,Patient does not have: Thenar Atrophy,Patient does not have: Thenar Atrophy,1.0×,1.0,0.3,0.8,0.9,Sign/symptom,True,False,False,False,False,LR−,LR = 1,Negligible,,,accepted_workbook_value,
lr_0699,700,Carpal Tunnel Syndrome,35,Carpal Tunnel Syndrome,Carpal Tunnel Syndrome,Patient does not have: 2 point discrimination,Patient does not have: 2 point discrimination,1.0×,1.0,0.3,3.0,3.3,Sign/symptom,True,False,False,False,False,LR−,LR = 1,Negligible,,,accepted_workbook_value,
lr_0700,701,Carpal Tunnel Syndrome,36,Carpal Tunnel Syndrome,Carpal Tunnel Syndrome,"Patient does not have: Pressure_x000D_
  Provocation Test","Patient does not have: Pressure_x000D_
  Provocation Test",1.0×,1.0,0.4,0.15,0.43,Testing finding,False,False,True,False,False,LR−,LR = 1,Negligible,,,accepted_workbook_value,
